IDPedido,DataHoraPedido,IDCliente,TotalPedido,IDProduto,Quantidade,PrecoUnitario,Subtotal,IDFuncionario,MetodoPedido,IDMétodoPagamento
1,"2024-02-24 11:35:55",3,NULL,4,4,32.00,128.00,53,"Loja Física",1
2,"2024-02-24 11:35:55",28,NULL,9,2,28.00,56.00,53,"Loja Física",4
3,"2024-02-24 11:35:55",26,NULL,9,5,28.00,140.00,46,WhatsApp,9
4,"2024-02-24 11:35:55",19,NULL,27,2,5.00,10.00,49,"App Delivery",4
5,"2024-02-24 11:35:55",14,NULL,20,5,30.00,150.00,48,"Loja Física",3
6,"2024-02-24 11:36:07",2,NULL,11,4,29.00,116.00,46,"App Delivery",1
7,"2024-02-24 11:36:07",20,NULL,19,2,29.00,58.00,52,WhatsApp,8
8,"2024-02-24 11:36:07",38,NULL,1,4,25.00,100.00,46,"App Delivery",6
9,"2024-02-24 11:36:07",20,NULL,29,4,3.00,12.00,53,"Loja Física",5
10,"2024-02-24 11:36:07",13,NULL,10,5,31.00,155.00,46,"App Delivery",3
11,"2024-02-24 11:36:10",31,NULL,9,1,28.00,28.00,47,WhatsApp,8
12,"2024-02-24 11:36:10",29,NULL,27,1,5.00,5.00,53,"App Delivery",1
13,"2024-02-24 11:36:10",19,NULL,11,1,29.00,29.00,47,WhatsApp,6
14,"2024-02-24 11:36:10",29,NULL,25,4,20.00,80.00,54,"App Delivery",6
15,"2024-02-24 11:36:10",36,NULL,11,4,29.00,116.00,47,WhatsApp,3
16,"2024-02-24 11:37:46",12,NULL,18,4,31.00,124.00,49,WhatsApp,6
17,"2024-02-24 11:37:46",2,NULL,28,1,8.00,8.00,51,WhatsApp,7
18,"2024-02-24 11:37:46",14,NULL,38,2,12.00,24.00,51,"Loja Física",1
19,"2024-02-24 11:37:46",7,NULL,17,5,34.00,170.00,54,"App Delivery",8
20,"2024-02-24 11:37:46",22,NULL,33,3,12.00,36.00,50,"App Delivery",9
21,"2024-02-24 11:37:46",12,NULL,13,4,30.00,120.00,46,WhatsApp,10
22,"2024-02-24 11:37:46",15,NULL,16,5,33.00,165.00,46,WhatsApp,5
23,"2024-02-24 11:37:46",29,NULL,3,3,30.00,90.00,50,WhatsApp,9
24,"2024-02-24 11:37:46",3,NULL,40,2,14.00,28.00,49,"Loja Física",3
25,"2024-02-24 11:37:46",26,NULL,23,2,12.00,24.00,47,"App Delivery",9
26,"2024-02-24 11:37:46",24,NULL,12,3,34.00,102.00,49,"App Delivery",1
27,"2024-02-24 11:37:46",28,NULL,7,4,30.00,120.00,49,"Loja Física",6
28,"2024-02-24 11:37:46",37,NULL,19,1,29.00,29.00,52,"App Delivery",8
29,"2024-02-24 11:37:46",15,NULL,36,4,18.00,72.00,47,"Loja Física",5
30,"2024-02-24 11:37:46",38,NULL,29,2,3.00,6.00,51,"App Delivery",3
31,"2024-02-24 11:37:46",2,NULL,10,4,31.00,124.00,46,"App Delivery",4
32,"2024-02-24 11:37:46",22,NULL,3,5,30.00,150.00,52,"App Delivery",10
33,"2024-02-24 11:37:46",33,NULL,14,5,35.00,175.00,54,"Loja Física",5
34,"2024-02-24 11:37:46",19,NULL,13,1,30.00,30.00,49,"Loja Física",1
35,"2024-02-24 11:37:46",2,NULL,34,4,10.00,40.00,49,"App Delivery",10
36,"2024-02-24 11:37:46",28,NULL,24,1,18.00,18.00,48,WhatsApp,9
37,"2024-02-24 11:37:46",26,NULL,2,1,28.00,28.00,54,"App Delivery",5
38,"2024-02-24 11:37:46",21,NULL,4,3,32.00,96.00,46,"App Delivery",5
39,"2024-02-24 11:37:46",21,NULL,8,1,33.00,33.00,53,"App Delivery",4
40,"2024-02-24 11:37:46",13,NULL,2,4,28.00,112.00,46,WhatsApp,8
41,"2024-02-24 11:37:46",36,NULL,25,4,20.00,80.00,48,"App Delivery",2
42,"2024-02-24 11:37:46",36,NULL,33,3,12.00,36.00,50,WhatsApp,10
43,"2024-02-24 11:37:46",28,NULL,11,2,29.00,58.00,54,"Loja Física",10
44,"2024-02-24 11:37:46",12,NULL,15,4,32.00,128.00,46,"App Delivery",3
45,"2024-02-24 11:37:46",2,NULL,40,3,14.00,42.00,50,"Loja Física",5
46,"2024-02-24 11:37:46",25,NULL,18,2,31.00,62.00,46,WhatsApp,2
47,"2024-02-24 11:37:46",3,NULL,10,3,31.00,93.00,52,"App Delivery",7
48,"2024-02-24 11:37:46",12,NULL,26,5,16.00,80.00,51,WhatsApp,6
49,"2024-02-24 11:37:46",15,NULL,14,1,35.00,35.00,49,"App Delivery",8
50,"2024-02-24 11:37:46",11,NULL,19,1,29.00,29.00,50,"Loja Física",1
51,"2024-02-24 11:37:46",35,NULL,24,3,18.00,54.00,47,WhatsApp,10
52,"2024-02-24 11:37:46",20,NULL,19,4,29.00,116.00,53,WhatsApp,5
53,"2024-02-24 11:37:46",14,NULL,21,3,28.00,84.00,53,"Loja Física",5
54,"2024-02-24 11:37:46",34,NULL,17,1,34.00,34.00,50,"App Delivery",8
55,"2024-02-24 11:37:46",2,NULL,27,5,5.00,25.00,54,WhatsApp,8
56,"2024-02-24 11:37:46",32,NULL,33,5,12.00,60.00,49,"Loja Física",1
57,"2024-02-24 11:37:46",36,NULL,4,4,32.00,128.00,52,"App Delivery",8
58,"2024-02-24 11:37:46",32,NULL,35,3,15.00,45.00,49,"App Delivery",7
59,"2024-02-24 11:37:46",2,NULL,35,2,15.00,30.00,47,WhatsApp,5
60,"2024-02-24 11:37:46",37,NULL,12,3,34.00,102.00,52,WhatsApp,4
61,"2024-02-24 11:37:46",23,NULL,25,5,20.00,100.00,46,WhatsApp,9
62,"2024-02-24 11:37:46",19,NULL,35,5,15.00,75.00,53,WhatsApp,8
63,"2024-02-24 11:37:46",39,NULL,27,3,5.00,15.00,53,"Loja Física",4
64,"2024-02-24 11:37:46",32,NULL,4,4,32.00,128.00,47,WhatsApp,10
65,"2024-02-24 11:37:46",4,NULL,30,5,15.00,75.00,51,"Loja Física",4
66,"2024-02-24 11:37:46",24,NULL,19,2,29.00,58.00,49,WhatsApp,1
67,"2024-02-24 11:37:46",14,NULL,29,1,3.00,3.00,46,"App Delivery",1
68,"2024-02-24 11:37:46",16,NULL,16,3,33.00,99.00,53,"App Delivery",3
69,"2024-02-24 11:37:46",25,NULL,14,2,35.00,70.00,48,WhatsApp,6
70,"2024-02-24 11:37:46",8,NULL,19,5,29.00,145.00,51,"App Delivery",2
71,"2024-02-24 11:37:46",27,NULL,4,1,32.00,32.00,50,"App Delivery",3
72,"2024-02-24 11:37:46",15,NULL,32,2,6.00,12.00,54,WhatsApp,4
73,"2024-02-24 11:37:46",9,NULL,26,2,16.00,32.00,49,"App Delivery",10
74,"2024-02-24 11:37:46",17,NULL,21,1,28.00,28.00,54,"Loja Física",10
75,"2024-02-24 11:37:46",21,NULL,23,3,12.00,36.00,49,"Loja Física",10
76,"2024-02-24 11:37:46",21,NULL,13,2,30.00,60.00,54,WhatsApp,2
77,"2024-02-24 11:37:46",22,NULL,28,4,8.00,32.00,48,"Loja Física",3
78,"2024-02-24 11:37:46",26,NULL,27,1,5.00,5.00,52,"Loja Física",4
79,"2024-02-24 11:37:46",16,NULL,21,5,28.00,140.00,47,"Loja Física",2
80,"2024-02-24 11:37:46",39,NULL,40,5,14.00,70.00,50,"Loja Física",8
81,"2024-02-24 11:37:46",8,NULL,34,2,10.00,20.00,50,"Loja Física",4
82,"2024-02-24 11:37:46",37,NULL,32,5,6.00,30.00,51,WhatsApp,10
83,"2024-02-24 11:37:46",22,NULL,36,1,18.00,18.00,48,WhatsApp,2
84,"2024-02-24 11:37:46",2,NULL,39,4,10.00,40.00,50,"App Delivery",3
85,"2024-02-24 11:37:46",35,NULL,12,1,34.00,34.00,47,"Loja Física",7
86,"2024-02-24 11:37:46",37,NULL,8,3,33.00,99.00,54,"Loja Física",6
87,"2024-02-24 11:37:46",4,NULL,12,1,34.00,34.00,52,WhatsApp,7
88,"2024-02-24 11:37:46",25,NULL,32,4,6.00,24.00,53,WhatsApp,7
89,"2024-02-24 11:37:46",14,NULL,34,5,10.00,50.00,46,WhatsApp,8
90,"2024-02-24 11:37:46",36,NULL,35,1,15.00,15.00,48,"Loja Física",6
91,"2024-02-24 11:37:46",11,NULL,13,4,30.00,120.00,51,"App Delivery",6
92,"2024-02-24 11:37:46",19,NULL,17,1,34.00,34.00,48,"Loja Física",10
93,"2024-02-24 11:37:46",27,NULL,20,3,30.00,90.00,46,"Loja Física",3
94,"2024-02-24 11:37:46",16,NULL,11,5,29.00,145.00,51,"App Delivery",8
95,"2024-02-24 11:37:46",26,NULL,40,5,14.00,70.00,46,WhatsApp,9
96,"2024-02-24 11:37:46",31,NULL,15,1,32.00,32.00,54,WhatsApp,10
97,"2024-02-24 11:37:46",20,NULL,17,4,34.00,136.00,47,WhatsApp,5
98,"2024-02-24 11:37:46",26,NULL,20,4,30.00,120.00,47,"App Delivery",9
99,"2024-02-24 11:37:46",9,NULL,28,5,8.00,40.00,52,WhatsApp,7
100,"2024-02-24 11:37:46",17,NULL,9,5,28.00,140.00,46,"Loja Física",10
101,"2024-02-24 11:37:46",30,NULL,38,5,12.00,60.00,46,"App Delivery",9
102,"2024-02-24 11:37:46",26,NULL,3,3,30.00,90.00,51,"Loja Física",10
103,"2024-02-24 11:37:46",20,NULL,39,1,10.00,10.00,48,WhatsApp,1
104,"2024-02-24 11:37:46",34,NULL,38,1,12.00,12.00,46,"App Delivery",3
105,"2024-02-24 11:37:46",3,NULL,3,4,30.00,120.00,54,WhatsApp,8
106,"2024-02-24 11:37:46",21,NULL,33,1,12.00,12.00,50,"Loja Física",6
107,"2024-02-24 11:37:46",7,NULL,22,4,15.00,60.00,49,"Loja Física",1
108,"2024-02-24 11:37:46",9,NULL,12,3,34.00,102.00,52,"App Delivery",7
109,"2024-02-24 11:37:47",34,NULL,5,5,27.00,135.00,54,"App Delivery",4
110,"2024-02-24 11:37:47",20,NULL,12,1,34.00,34.00,49,"Loja Física",1
111,"2024-02-24 11:37:47",2,NULL,30,1,15.00,15.00,50,"Loja Física",1
112,"2024-02-24 11:37:47",38,NULL,19,1,29.00,29.00,51,"App Delivery",8
113,"2024-02-24 11:37:47",10,NULL,7,4,30.00,120.00,51,"Loja Física",3
114,"2024-02-24 11:37:47",38,NULL,38,1,12.00,12.00,52,"Loja Física",2
115,"2024-02-24 11:37:47",17,NULL,39,5,10.00,50.00,53,"Loja Física",9
116,"2024-02-24 11:37:47",6,NULL,18,4,31.00,124.00,51,"App Delivery",2
117,"2024-02-24 11:37:47",39,NULL,37,3,20.00,60.00,50,"Loja Física",8
118,"2024-02-24 11:37:47",26,NULL,26,1,16.00,16.00,49,WhatsApp,10
119,"2024-02-24 11:37:47",28,NULL,5,5,27.00,135.00,52,"App Delivery",5
120,"2024-02-24 11:37:47",1,NULL,35,5,15.00,75.00,54,WhatsApp,2
121,"2024-02-24 11:37:47",16,NULL,21,2,28.00,56.00,51,"App Delivery",3
122,"2024-02-24 11:37:47",37,NULL,12,1,34.00,34.00,54,"App Delivery",5
123,"2024-02-24 11:37:47",32,NULL,20,2,30.00,60.00,50,WhatsApp,2
124,"2024-02-24 11:37:47",20,NULL,30,3,15.00,45.00,49,"App Delivery",2
125,"2024-02-24 11:37:47",11,NULL,27,1,5.00,5.00,49,"Loja Física",9
126,"2024-02-24 11:37:47",30,NULL,39,5,10.00,50.00,53,"App Delivery",4
127,"2024-02-24 11:37:47",22,NULL,12,2,34.00,68.00,48,"App Delivery",6
128,"2024-02-24 11:37:47",5,NULL,7,1,30.00,30.00,49,"App Delivery",6
129,"2024-02-24 11:37:47",3,NULL,40,4,14.00,56.00,48,WhatsApp,5
130,"2024-02-24 11:37:47",37,NULL,6,1,29.00,29.00,52,"Loja Física",2
131,"2024-02-24 11:37:47",24,NULL,28,2,8.00,16.00,46,"App Delivery",8
132,"2024-02-24 11:37:47",1,NULL,24,5,18.00,90.00,51,"Loja Física",2
133,"2024-02-24 11:37:47",30,NULL,9,1,28.00,28.00,46,"App Delivery",3
134,"2024-02-24 11:37:47",4,NULL,8,3,33.00,99.00,47,"Loja Física",5
135,"2024-02-24 11:37:47",36,NULL,35,4,15.00,60.00,52,"App Delivery",2
136,"2024-02-24 11:37:47",6,NULL,15,1,32.00,32.00,47,"App Delivery",1
137,"2024-02-24 11:37:47",38,NULL,8,4,33.00,132.00,50,WhatsApp,5
138,"2024-02-24 11:37:47",17,NULL,22,2,15.00,30.00,49,WhatsApp,5
139,"2024-02-24 11:37:47",25,NULL,24,1,18.00,18.00,49,WhatsApp,1
140,"2024-02-24 11:37:47",8,NULL,35,5,15.00,75.00,52,"Loja Física",8
141,"2024-02-24 11:37:47",36,NULL,5,3,27.00,81.00,53,"Loja Física",4
142,"2024-02-24 11:37:47",35,NULL,23,2,12.00,24.00,46,"Loja Física",3
143,"2024-02-24 11:37:47",24,NULL,34,5,10.00,50.00,49,"App Delivery",6
144,"2024-02-24 11:37:47",6,NULL,23,4,12.00,48.00,51,WhatsApp,7
145,"2024-02-24 11:37:47",25,NULL,27,2,5.00,10.00,46,"Loja Física",2
146,"2024-02-24 11:37:47",25,NULL,3,1,30.00,30.00,53,"Loja Física",2
147,"2024-02-24 11:37:47",3,NULL,34,1,10.00,10.00,46,"Loja Física",9
148,"2024-02-24 11:37:47",5,NULL,39,3,10.00,30.00,52,WhatsApp,6
149,"2024-02-24 11:37:47",39,NULL,7,4,30.00,120.00,48,"App Delivery",2
150,"2024-02-24 11:37:47",27,NULL,22,2,15.00,30.00,48,"Loja Física",10
151,"2024-02-24 11:37:47",18,NULL,39,2,10.00,20.00,52,"App Delivery",3
152,"2024-02-24 11:37:47",27,NULL,31,3,25.00,75.00,46,WhatsApp,5
153,"2024-02-24 11:37:47",39,NULL,3,5,30.00,150.00,54,WhatsApp,8
154,"2024-02-24 11:37:47",9,NULL,9,1,28.00,28.00,51,WhatsApp,5
155,"2024-02-24 11:37:47",21,NULL,13,1,30.00,30.00,49,"Loja Física",10
156,"2024-02-24 11:37:47",38,NULL,6,1,29.00,29.00,47,"App Delivery",7
157,"2024-02-24 11:37:47",33,NULL,10,4,31.00,124.00,51,WhatsApp,10
158,"2024-02-24 11:37:47",38,NULL,40,4,14.00,56.00,52,"Loja Física",3
159,"2024-02-24 11:37:47",34,NULL,32,5,6.00,30.00,54,"App Delivery",3
160,"2024-02-24 11:37:47",31,NULL,7,4,30.00,120.00,51,"Loja Física",6
161,"2024-02-24 11:37:47",7,NULL,30,3,15.00,45.00,47,"Loja Física",7
162,"2024-02-24 11:37:47",36,NULL,20,2,30.00,60.00,53,WhatsApp,2
163,"2024-02-24 11:37:47",7,NULL,5,5,27.00,135.00,51,"App Delivery",7
164,"2024-02-24 11:37:47",39,NULL,38,3,12.00,36.00,53,"App Delivery",6
165,"2024-02-24 11:37:47",14,NULL,30,2,15.00,30.00,52,WhatsApp,5
166,"2024-02-24 11:37:47",27,NULL,38,5,12.00,60.00,50,"Loja Física",7
167,"2024-02-24 11:37:47",9,NULL,38,4,12.00,48.00,48,"App Delivery",8
168,"2024-02-24 11:37:47",36,NULL,19,1,29.00,29.00,54,"Loja Física",7
169,"2024-02-24 11:37:47",5,NULL,3,5,30.00,150.00,48,"App Delivery",10
170,"2024-02-24 11:37:47",16,NULL,12,4,34.00,136.00,51,WhatsApp,5
171,"2024-02-24 11:37:47",3,NULL,4,4,32.00,128.00,50,WhatsApp,7
172,"2024-02-24 11:37:47",32,NULL,15,2,32.00,64.00,52,"App Delivery",3
173,"2024-02-24 11:37:47",5,NULL,2,3,28.00,84.00,54,WhatsApp,1
174,"2024-02-24 11:37:47",11,NULL,30,4,15.00,60.00,48,WhatsApp,5
175,"2024-02-24 11:37:47",22,NULL,7,1,30.00,30.00,53,"App Delivery",6
176,"2024-02-24 11:37:47",3,NULL,36,5,18.00,90.00,53,"App Delivery",3
177,"2024-02-24 11:37:47",8,NULL,25,1,20.00,20.00,51,WhatsApp,2
178,"2024-02-24 11:37:47",7,NULL,7,4,30.00,120.00,48,"Loja Física",5
179,"2024-02-24 11:37:47",18,NULL,6,2,29.00,58.00,48,WhatsApp,6
180,"2024-02-24 11:37:47",24,NULL,5,1,27.00,27.00,54,"Loja Física",5
181,"2024-02-24 11:37:47",27,NULL,22,2,15.00,30.00,53,WhatsApp,7
182,"2024-02-24 11:37:47",10,NULL,35,5,15.00,75.00,52,WhatsApp,5
183,"2024-02-24 11:37:47",13,NULL,6,5,29.00,145.00,54,"Loja Física",7
184,"2024-02-24 11:37:47",8,NULL,27,2,5.00,10.00,47,"Loja Física",10
185,"2024-02-24 11:37:47",25,NULL,15,2,32.00,64.00,54,"Loja Física",4
186,"2024-02-24 11:37:47",36,NULL,27,4,5.00,20.00,53,"Loja Física",9
187,"2024-02-24 11:37:47",31,NULL,4,3,32.00,96.00,50,"App Delivery",7
188,"2024-02-24 11:37:47",35,NULL,28,4,8.00,32.00,51,"Loja Física",9
189,"2024-02-24 11:37:47",21,NULL,1,2,25.00,50.00,51,WhatsApp,2
190,"2024-02-24 11:37:47",3,NULL,23,2,12.00,24.00,50,"Loja Física",5
191,"2024-02-24 11:37:47",4,NULL,16,4,33.00,132.00,46,"App Delivery",1
192,"2024-02-24 11:37:47",34,NULL,40,1,14.00,14.00,54,"App Delivery",10
193,"2024-02-24 11:37:47",17,NULL,22,1,15.00,15.00,48,"Loja Física",9
194,"2024-02-24 11:37:47",26,NULL,29,4,3.00,12.00,51,WhatsApp,9
195,"2024-02-24 11:37:47",13,NULL,37,3,20.00,60.00,49,"Loja Física",7
196,"2024-02-24 11:37:47",21,NULL,21,3,28.00,84.00,46,"Loja Física",2
197,"2024-02-24 11:37:47",25,NULL,20,5,30.00,150.00,47,"Loja Física",9
198,"2024-02-24 11:37:47",17,NULL,28,4,8.00,32.00,48,"App Delivery",9
199,"2024-02-24 11:37:47",24,NULL,33,4,12.00,48.00,48,"App Delivery",9
200,"2024-02-24 11:37:47",37,NULL,33,1,12.00,12.00,49,"App Delivery",5
201,"2024-02-24 11:37:47",6,NULL,6,4,29.00,116.00,52,"App Delivery",10
202,"2024-02-24 11:37:47",28,NULL,4,2,32.00,64.00,51,WhatsApp,6
203,"2024-02-24 11:37:47",9,NULL,30,2,15.00,30.00,49,WhatsApp,2
204,"2024-02-24 11:37:47",22,NULL,22,2,15.00,30.00,52,"App Delivery",7
205,"2024-02-24 11:37:47",27,NULL,37,3,20.00,60.00,49,WhatsApp,1
206,"2024-02-24 11:37:47",1,NULL,14,1,35.00,35.00,50,"Loja Física",5
207,"2024-02-24 11:37:47",6,NULL,35,1,15.00,15.00,52,"App Delivery",8
208,"2024-02-24 11:37:47",39,NULL,37,2,20.00,40.00,48,WhatsApp,10
209,"2024-02-24 11:37:47",4,NULL,22,4,15.00,60.00,52,"App Delivery",2
210,"2024-02-24 11:37:47",7,NULL,25,4,20.00,80.00,49,"App Delivery",9
211,"2024-02-24 11:37:47",39,NULL,34,5,10.00,50.00,54,"Loja Física",3
212,"2024-02-24 11:37:47",34,NULL,30,3,15.00,45.00,52,WhatsApp,9
213,"2024-02-24 11:37:47",15,NULL,40,3,14.00,42.00,54,"Loja Física",10
214,"2024-02-24 11:37:47",19,NULL,38,5,12.00,60.00,53,WhatsApp,4
215,"2024-02-24 11:37:47",3,NULL,9,5,28.00,140.00,51,"App Delivery",1
216,"2024-02-24 11:37:47",35,NULL,2,1,28.00,28.00,52,WhatsApp,7
217,"2024-02-24 11:37:47",20,NULL,14,2,35.00,70.00,52,"Loja Física",7
218,"2024-02-24 11:37:47",34,NULL,17,1,34.00,34.00,54,"Loja Física",9
219,"2024-02-24 11:37:47",31,NULL,12,1,34.00,34.00,49,"Loja Física",1
220,"2024-02-24 11:37:47",15,NULL,31,3,25.00,75.00,46,"Loja Física",7
221,"2024-02-24 11:37:47",10,NULL,38,5,12.00,60.00,50,"Loja Física",5
222,"2024-02-24 11:37:47",20,NULL,30,3,15.00,45.00,47,"Loja Física",3
223,"2024-02-24 11:37:47",5,NULL,35,1,15.00,15.00,46,"Loja Física",1
224,"2024-02-24 11:37:47",39,NULL,33,2,12.00,24.00,51,"Loja Física",2
225,"2024-02-24 11:37:47",36,NULL,15,3,32.00,96.00,50,"Loja Física",6
226,"2024-02-24 11:37:47",39,NULL,15,4,32.00,128.00,50,"App Delivery",3
227,"2024-02-24 11:37:47",3,NULL,12,5,34.00,170.00,52,"Loja Física",8
228,"2024-02-24 11:37:47",19,NULL,29,4,3.00,12.00,53,WhatsApp,2
229,"2024-02-24 11:37:47",11,NULL,30,1,15.00,15.00,51,"App Delivery",3
230,"2024-02-24 11:37:47",29,NULL,38,1,12.00,12.00,54,WhatsApp,2
231,"2024-02-24 11:37:47",34,NULL,26,1,16.00,16.00,46,"App Delivery",8
232,"2024-02-24 11:37:47",30,NULL,35,3,15.00,45.00,47,"Loja Física",5
233,"2024-02-24 11:37:47",4,NULL,1,1,25.00,25.00,50,WhatsApp,2
234,"2024-02-24 11:37:47",16,NULL,35,1,15.00,15.00,47,"App Delivery",3
235,"2024-02-24 11:37:47",34,NULL,8,3,33.00,99.00,48,"Loja Física",8
236,"2024-02-24 11:37:47",29,NULL,3,2,30.00,60.00,50,"App Delivery",5
237,"2024-02-24 11:37:47",23,NULL,37,3,20.00,60.00,51,WhatsApp,7
238,"2024-02-24 11:37:47",18,NULL,8,3,33.00,99.00,54,WhatsApp,2
239,"2024-02-24 11:37:47",1,NULL,35,4,15.00,60.00,49,WhatsApp,4
240,"2024-02-24 11:37:47",37,NULL,32,1,6.00,6.00,52,WhatsApp,6
241,"2024-02-24 11:37:47",30,NULL,5,4,27.00,108.00,47,"Loja Física",3
242,"2024-02-24 11:37:47",1,NULL,19,4,29.00,116.00,53,"App Delivery",7
243,"2024-02-24 11:37:47",36,NULL,12,2,34.00,68.00,50,WhatsApp,6
244,"2024-02-24 11:37:47",31,NULL,34,5,10.00,50.00,46,WhatsApp,7
245,"2024-02-24 11:37:47",4,NULL,12,2,34.00,68.00,47,"App Delivery",4
246,"2024-02-24 11:37:47",9,NULL,33,5,12.00,60.00,50,"Loja Física",3
247,"2024-02-24 11:37:47",36,NULL,6,5,29.00,145.00,54,WhatsApp,7
248,"2024-02-24 11:37:47",36,NULL,37,3,20.00,60.00,50,"App Delivery",9
249,"2024-02-24 11:37:47",21,NULL,28,4,8.00,32.00,46,WhatsApp,7
250,"2024-02-24 11:37:47",30,NULL,16,5,33.00,165.00,47,WhatsApp,9
251,"2024-02-24 11:37:47",37,NULL,10,2,31.00,62.00,46,"Loja Física",4
252,"2024-02-24 11:37:47",25,NULL,11,4,29.00,116.00,49,"App Delivery",3
253,"2024-02-24 11:37:47",13,NULL,23,2,12.00,24.00,49,WhatsApp,2
254,"2024-02-24 11:37:47",24,NULL,13,1,30.00,30.00,53,"App Delivery",2
255,"2024-02-24 11:37:47",26,NULL,32,4,6.00,24.00,53,WhatsApp,10
256,"2024-02-24 11:37:47",22,NULL,12,4,34.00,136.00,53,"App Delivery",4
257,"2024-02-24 11:37:47",21,NULL,17,1,34.00,34.00,53,"Loja Física",1
258,"2024-02-24 11:37:47",38,NULL,25,1,20.00,20.00,46,"Loja Física",1
259,"2024-02-24 11:37:47",1,NULL,1,2,25.00,50.00,53,"Loja Física",9
260,"2024-02-24 11:37:47",30,NULL,2,2,28.00,56.00,50,"App Delivery",8
261,"2024-02-24 11:37:47",20,NULL,7,3,30.00,90.00,49,WhatsApp,3
262,"2024-02-24 11:37:47",15,NULL,2,3,28.00,84.00,50,"App Delivery",7
263,"2024-02-24 11:37:47",39,NULL,3,3,30.00,90.00,47,"Loja Física",7
264,"2024-02-24 11:37:47",28,NULL,5,3,27.00,81.00,48,"App Delivery",8
265,"2024-02-24 11:37:47",29,NULL,1,1,25.00,25.00,52,"Loja Física",8
266,"2024-02-24 11:37:47",9,NULL,40,4,14.00,56.00,47,WhatsApp,3
267,"2024-02-24 11:37:47",28,NULL,22,2,15.00,30.00,49,WhatsApp,1
268,"2024-02-24 11:37:47",30,NULL,8,3,33.00,99.00,54,WhatsApp,8
269,"2024-02-24 11:37:47",25,NULL,6,1,29.00,29.00,52,"App Delivery",10
270,"2024-02-24 11:37:47",29,NULL,39,1,10.00,10.00,50,"App Delivery",5
271,"2024-02-24 11:37:47",36,NULL,17,3,34.00,102.00,46,"App Delivery",6
272,"2024-02-24 11:37:47",4,NULL,32,5,6.00,30.00,54,WhatsApp,1
273,"2024-02-24 11:37:47",8,NULL,35,5,15.00,75.00,49,"Loja Física",10
274,"2024-02-24 11:37:47",9,NULL,20,2,30.00,60.00,46,"App Delivery",7
275,"2024-02-24 11:37:47",10,NULL,1,5,25.00,125.00,52,"Loja Física",7
276,"2024-02-24 11:37:47",1,NULL,22,3,15.00,45.00,47,WhatsApp,2
277,"2024-02-24 11:37:47",21,NULL,40,1,14.00,14.00,48,"App Delivery",8
278,"2024-02-24 11:37:47",15,NULL,15,1,32.00,32.00,47,WhatsApp,8
279,"2024-02-24 11:37:47",5,NULL,16,5,33.00,165.00,49,WhatsApp,10
280,"2024-02-24 11:37:47",9,NULL,6,1,29.00,29.00,47,"App Delivery",5
281,"2024-02-24 11:37:47",22,NULL,26,4,16.00,64.00,48,"Loja Física",2
282,"2024-02-24 11:37:47",4,NULL,19,1,29.00,29.00,50,"Loja Física",5
283,"2024-02-24 11:37:47",16,NULL,38,5,12.00,60.00,46,"App Delivery",8
284,"2024-02-24 11:37:47",15,NULL,34,2,10.00,20.00,50,"Loja Física",7
285,"2024-02-24 11:37:47",14,NULL,29,5,3.00,15.00,46,WhatsApp,4
286,"2024-02-24 11:37:47",12,NULL,27,1,5.00,5.00,46,WhatsApp,1
287,"2024-02-24 11:37:47",23,NULL,6,1,29.00,29.00,54,WhatsApp,3
288,"2024-02-24 11:37:47",23,NULL,19,2,29.00,58.00,49,"App Delivery",1
289,"2024-02-24 11:37:47",10,NULL,7,1,30.00,30.00,46,WhatsApp,2
290,"2024-02-24 11:37:47",26,NULL,39,3,10.00,30.00,50,WhatsApp,3
291,"2024-02-24 11:37:47",31,NULL,9,2,28.00,56.00,48,"Loja Física",6
292,"2024-02-24 11:37:47",7,NULL,5,2,27.00,54.00,47,"App Delivery",7
293,"2024-02-24 11:37:47",24,NULL,30,2,15.00,30.00,52,"Loja Física",6
294,"2024-02-24 11:37:47",19,NULL,25,3,20.00,60.00,50,"App Delivery",3
295,"2024-02-24 11:37:47",25,NULL,30,1,15.00,15.00,52,WhatsApp,10
296,"2024-02-24 11:37:47",17,NULL,40,5,14.00,70.00,52,WhatsApp,5
297,"2024-02-24 11:37:47",28,NULL,29,5,3.00,15.00,50,WhatsApp,8
298,"2024-02-24 11:37:47",35,NULL,38,3,12.00,36.00,46,"App Delivery",6
299,"2024-02-24 11:37:47",30,NULL,9,3,28.00,84.00,49,"App Delivery",10
300,"2024-02-24 11:37:47",22,NULL,21,1,28.00,28.00,53,"App Delivery",2
301,"2024-02-24 11:37:47",13,NULL,18,2,31.00,62.00,48,"App Delivery",2
302,"2024-02-24 11:37:47",25,NULL,8,3,33.00,99.00,48,"Loja Física",10
303,"2024-02-24 11:37:47",37,NULL,22,4,15.00,60.00,52,"Loja Física",1
304,"2024-02-24 11:37:47",37,NULL,3,5,30.00,150.00,50,WhatsApp,9
305,"2024-02-24 11:37:47",30,NULL,15,1,32.00,32.00,46,WhatsApp,7
306,"2024-02-24 11:37:47",15,NULL,1,3,25.00,75.00,50,"App Delivery",2
307,"2024-02-24 11:37:47",23,NULL,1,2,25.00,50.00,54,"App Delivery",10
308,"2024-02-24 11:37:47",17,NULL,1,1,25.00,25.00,51,WhatsApp,3
309,"2024-02-24 11:37:47",24,NULL,40,2,14.00,28.00,52,"Loja Física",9
310,"2024-02-24 11:37:47",18,NULL,27,1,5.00,5.00,54,"App Delivery",9
311,"2024-02-24 11:37:47",12,NULL,10,5,31.00,155.00,51,"Loja Física",6
312,"2024-02-24 11:37:47",2,NULL,21,5,28.00,140.00,54,"App Delivery",5
313,"2024-02-24 11:37:47",39,NULL,22,2,15.00,30.00,52,WhatsApp,9
314,"2024-02-24 11:37:47",32,NULL,28,5,8.00,40.00,51,WhatsApp,2
315,"2024-02-24 11:37:47",36,NULL,36,1,18.00,18.00,51,WhatsApp,9
316,"2024-02-24 11:37:47",15,NULL,23,1,12.00,12.00,47,"Loja Física",2
317,"2024-02-24 11:37:47",39,NULL,17,4,34.00,136.00,47,"App Delivery",2
318,"2024-02-24 11:37:47",14,NULL,33,3,12.00,36.00,53,WhatsApp,9
319,"2024-02-24 11:37:47",1,NULL,20,3,30.00,90.00,48,"Loja Física",6
320,"2024-02-24 11:37:47",12,NULL,23,5,12.00,60.00,54,"App Delivery",7
321,"2024-02-24 11:37:47",33,NULL,40,4,14.00,56.00,53,WhatsApp,4
322,"2024-02-24 11:37:47",33,NULL,10,1,31.00,31.00,48,"Loja Física",6
323,"2024-02-24 11:37:47",29,NULL,15,1,32.00,32.00,48,"Loja Física",7
324,"2024-02-24 11:37:47",20,NULL,35,5,15.00,75.00,51,"Loja Física",2
325,"2024-02-24 11:37:47",11,NULL,18,2,31.00,62.00,47,"App Delivery",10
326,"2024-02-24 11:37:47",22,NULL,24,1,18.00,18.00,53,"App Delivery",1
327,"2024-02-24 11:37:47",10,NULL,30,5,15.00,75.00,46,WhatsApp,5
328,"2024-02-24 11:37:47",27,NULL,39,5,10.00,50.00,54,"App Delivery",8
329,"2024-02-24 11:37:47",23,NULL,39,4,10.00,40.00,46,"App Delivery",3
330,"2024-02-24 11:37:47",33,NULL,15,3,32.00,96.00,52,"App Delivery",4
331,"2024-02-24 11:37:47",28,NULL,28,5,8.00,40.00,53,"App Delivery",1
332,"2024-02-24 11:37:47",26,NULL,9,5,28.00,140.00,54,WhatsApp,3
333,"2024-02-24 11:37:47",23,NULL,36,4,18.00,72.00,52,WhatsApp,8
334,"2024-02-24 11:37:47",3,NULL,11,3,29.00,87.00,46,"App Delivery",10
335,"2024-02-24 11:37:47",2,NULL,6,4,29.00,116.00,46,WhatsApp,1
336,"2024-02-24 11:37:47",3,NULL,1,4,25.00,100.00,54,WhatsApp,5
337,"2024-02-24 11:37:47",29,NULL,14,2,35.00,70.00,46,"Loja Física",9
338,"2024-02-24 11:37:47",4,NULL,31,1,25.00,25.00,52,"App Delivery",8
339,"2024-02-24 11:37:47",1,NULL,17,5,34.00,170.00,49,WhatsApp,8
340,"2024-02-24 11:37:47",20,NULL,12,2,34.00,68.00,54,"App Delivery",7
341,"2024-02-24 11:37:47",31,NULL,30,5,15.00,75.00,47,WhatsApp,3
342,"2024-02-24 11:37:47",4,NULL,19,4,29.00,116.00,46,WhatsApp,7
343,"2024-02-24 11:37:47",38,NULL,30,2,15.00,30.00,46,"Loja Física",4
344,"2024-02-24 11:37:47",10,NULL,10,5,31.00,155.00,47,"App Delivery",9
345,"2024-02-24 11:37:47",20,NULL,29,3,3.00,9.00,52,"App Delivery",8
346,"2024-02-24 11:37:47",35,NULL,29,2,3.00,6.00,49,WhatsApp,4
347,"2024-02-24 11:37:47",39,NULL,19,5,29.00,145.00,48,WhatsApp,9
348,"2024-02-24 11:37:47",26,NULL,34,1,10.00,10.00,51,WhatsApp,2
349,"2024-02-24 11:37:47",31,NULL,7,1,30.00,30.00,46,"Loja Física",1
350,"2024-02-24 11:37:47",15,NULL,34,4,10.00,40.00,46,WhatsApp,3
351,"2024-02-24 11:37:47",33,NULL,35,3,15.00,45.00,49,"App Delivery",4
352,"2024-02-24 11:37:47",13,NULL,15,5,32.00,160.00,52,"Loja Física",3
353,"2024-02-24 11:37:47",14,NULL,15,5,32.00,160.00,52,"App Delivery",1
354,"2024-02-24 11:37:47",33,NULL,39,4,10.00,40.00,50,WhatsApp,6
355,"2024-02-24 11:37:47",24,NULL,26,4,16.00,64.00,53,WhatsApp,4
356,"2024-02-24 11:37:47",26,NULL,24,1,18.00,18.00,46,"App Delivery",3
357,"2024-02-24 11:37:47",37,NULL,28,4,8.00,32.00,54,"App Delivery",4
358,"2024-02-24 11:37:47",11,NULL,1,2,25.00,50.00,47,"App Delivery",8
359,"2024-02-24 11:37:47",14,NULL,34,1,10.00,10.00,53,"App Delivery",1
360,"2024-02-24 11:37:47",26,NULL,20,3,30.00,90.00,54,WhatsApp,4
361,"2024-02-24 11:37:48",34,NULL,36,4,18.00,72.00,52,"App Delivery",8
362,"2024-02-24 11:37:48",22,NULL,24,1,18.00,18.00,51,WhatsApp,4
363,"2024-02-24 11:37:48",3,NULL,12,5,34.00,170.00,47,WhatsApp,2
364,"2024-02-24 11:37:48",39,NULL,5,4,27.00,108.00,46,WhatsApp,5
365,"2024-02-24 11:37:48",7,NULL,25,3,20.00,60.00,49,"Loja Física",6
366,"2024-02-24 11:37:48",19,NULL,4,2,32.00,64.00,54,"App Delivery",9
367,"2024-02-24 11:37:48",18,NULL,23,3,12.00,36.00,54,"App Delivery",7
368,"2024-02-24 11:37:48",9,NULL,37,2,20.00,40.00,48,"Loja Física",4
369,"2024-02-24 11:37:48",25,NULL,17,2,34.00,68.00,54,WhatsApp,3
370,"2024-02-24 11:37:48",25,NULL,5,3,27.00,81.00,51,"Loja Física",2
371,"2024-02-24 11:37:48",2,NULL,19,2,29.00,58.00,54,"App Delivery",1
372,"2024-02-24 11:37:48",17,NULL,40,3,14.00,42.00,48,"Loja Física",2
373,"2024-02-24 11:37:48",32,NULL,13,5,30.00,150.00,50,"Loja Física",3
374,"2024-02-24 11:37:48",29,NULL,19,2,29.00,58.00,51,WhatsApp,7
375,"2024-02-24 11:37:48",1,NULL,29,5,3.00,15.00,48,"Loja Física",10
376,"2024-02-24 11:37:48",33,NULL,5,2,27.00,54.00,52,"App Delivery",7
377,"2024-02-24 11:37:48",20,NULL,18,3,31.00,93.00,48,"Loja Física",4
378,"2024-02-24 11:37:48",29,NULL,15,1,32.00,32.00,47,WhatsApp,5
379,"2024-02-24 11:37:48",29,NULL,12,2,34.00,68.00,51,"Loja Física",6
380,"2024-02-24 11:37:48",21,NULL,18,1,31.00,31.00,47,"Loja Física",9
381,"2024-02-24 11:37:48",8,NULL,26,4,16.00,64.00,48,"App Delivery",3
382,"2024-02-24 11:37:48",7,NULL,27,1,5.00,5.00,50,WhatsApp,9
383,"2024-02-24 11:37:48",16,NULL,24,2,18.00,36.00,49,WhatsApp,10
384,"2024-02-24 11:37:48",4,NULL,30,2,15.00,30.00,50,"Loja Física",4
385,"2024-02-24 11:37:48",11,NULL,13,3,30.00,90.00,46,"App Delivery",5
386,"2024-02-24 11:37:48",33,NULL,23,2,12.00,24.00,51,WhatsApp,5
387,"2024-02-24 11:37:48",30,NULL,20,3,30.00,90.00,51,"Loja Física",6
388,"2024-02-24 11:37:48",14,NULL,37,2,20.00,40.00,48,"App Delivery",5
389,"2024-02-24 11:37:48",14,NULL,3,4,30.00,120.00,47,WhatsApp,3
390,"2024-02-24 11:37:48",3,NULL,10,1,31.00,31.00,51,"Loja Física",8
391,"2024-02-24 11:37:48",27,NULL,18,3,31.00,93.00,46,"App Delivery",3
392,"2024-02-24 11:37:48",9,NULL,2,5,28.00,140.00,50,WhatsApp,9
393,"2024-02-24 11:37:48",11,NULL,9,1,28.00,28.00,50,"Loja Física",1
394,"2024-02-24 11:37:48",5,NULL,26,1,16.00,16.00,54,WhatsApp,4
395,"2024-02-24 11:37:48",9,NULL,3,1,30.00,30.00,51,"Loja Física",4
396,"2024-02-24 11:37:48",33,NULL,36,3,18.00,54.00,52,WhatsApp,8
397,"2024-02-24 11:37:48",14,NULL,21,4,28.00,112.00,53,"App Delivery",7
398,"2024-02-24 11:37:48",3,NULL,16,4,33.00,132.00,48,WhatsApp,10
399,"2024-02-24 11:37:48",17,NULL,29,3,3.00,9.00,49,WhatsApp,8
400,"2024-02-24 11:37:48",28,NULL,14,1,35.00,35.00,49,"App Delivery",6
401,"2024-02-24 11:37:48",21,NULL,34,3,10.00,30.00,53,"App Delivery",8
402,"2024-02-24 11:37:48",30,NULL,8,5,33.00,165.00,47,"App Delivery",1
403,"2024-02-24 11:37:48",35,NULL,40,3,14.00,42.00,53,"Loja Física",4
404,"2024-02-24 11:37:48",37,NULL,24,5,18.00,90.00,52,"Loja Física",1
405,"2024-02-24 11:37:48",17,NULL,1,1,25.00,25.00,53,"App Delivery",4
406,"2024-02-24 11:37:48",4,NULL,17,2,34.00,68.00,53,"App Delivery",6
407,"2024-02-24 11:37:48",25,NULL,36,2,18.00,36.00,53,"App Delivery",8
408,"2024-02-24 11:37:48",24,NULL,7,2,30.00,60.00,53,"Loja Física",5
409,"2024-02-24 11:37:48",25,NULL,38,3,12.00,36.00,51,"App Delivery",5
410,"2024-02-24 11:37:48",21,NULL,24,5,18.00,90.00,54,"App Delivery",8
411,"2024-02-24 11:37:48",30,NULL,27,1,5.00,5.00,49,"Loja Física",9
412,"2024-02-24 11:37:48",31,NULL,33,2,12.00,24.00,54,"Loja Física",3
413,"2024-02-24 11:37:48",36,NULL,1,1,25.00,25.00,47,"App Delivery",6
414,"2024-02-24 11:37:48",36,NULL,23,2,12.00,24.00,53,"Loja Física",1
415,"2024-02-24 11:37:48",22,NULL,26,2,16.00,32.00,49,"App Delivery",3
416,"2024-02-24 11:37:48",30,NULL,12,4,34.00,136.00,50,"Loja Física",5
417,"2024-02-24 11:37:48",1,NULL,26,5,16.00,80.00,54,"App Delivery",8
418,"2024-02-24 11:37:48",18,NULL,13,4,30.00,120.00,50,"App Delivery",4
419,"2024-02-24 11:37:48",35,NULL,12,4,34.00,136.00,53,"App Delivery",6
420,"2024-02-24 11:37:48",9,NULL,32,4,6.00,24.00,49,"Loja Física",1
421,"2024-02-24 11:37:48",6,NULL,24,3,18.00,54.00,53,"App Delivery",3
422,"2024-02-24 11:37:48",22,NULL,31,1,25.00,25.00,46,WhatsApp,6
423,"2024-02-24 11:37:48",11,NULL,38,3,12.00,36.00,50,"App Delivery",1
424,"2024-02-24 11:37:48",13,NULL,35,2,15.00,30.00,52,"App Delivery",3
425,"2024-02-24 11:37:48",34,NULL,32,5,6.00,30.00,52,"App Delivery",9
426,"2024-02-24 11:37:48",32,NULL,20,3,30.00,90.00,51,"App Delivery",10
427,"2024-02-24 11:37:48",23,NULL,40,3,14.00,42.00,48,WhatsApp,6
428,"2024-02-24 11:37:48",22,NULL,31,4,25.00,100.00,47,"Loja Física",4
429,"2024-02-24 11:37:48",18,NULL,22,1,15.00,15.00,49,"App Delivery",2
430,"2024-02-24 11:37:48",5,NULL,38,4,12.00,48.00,46,"App Delivery",7
431,"2024-02-24 11:37:48",39,NULL,21,1,28.00,28.00,50,WhatsApp,10
432,"2024-02-24 11:37:48",26,NULL,33,1,12.00,12.00,48,"Loja Física",4
433,"2024-02-24 11:37:48",39,NULL,16,2,33.00,66.00,53,WhatsApp,6
434,"2024-02-24 11:37:48",1,NULL,17,4,34.00,136.00,52,"Loja Física",9
435,"2024-02-24 11:37:48",16,NULL,29,3,3.00,9.00,48,"App Delivery",4
436,"2024-02-24 11:37:48",6,NULL,2,4,28.00,112.00,50,"Loja Física",7
437,"2024-02-24 11:37:48",24,NULL,27,4,5.00,20.00,47,WhatsApp,6
438,"2024-02-24 11:37:48",25,NULL,30,3,15.00,45.00,53,"App Delivery",1
439,"2024-02-24 11:37:48",12,NULL,20,3,30.00,90.00,52,"App Delivery",4
440,"2024-02-24 11:37:48",36,NULL,37,3,20.00,60.00,54,"App Delivery",4
441,"2024-02-24 11:37:48",38,NULL,20,1,30.00,30.00,53,"Loja Física",3
442,"2024-02-24 11:37:48",33,NULL,17,4,34.00,136.00,47,WhatsApp,5
443,"2024-02-24 11:37:48",1,NULL,14,3,35.00,105.00,49,WhatsApp,4
444,"2024-02-24 11:37:48",5,NULL,25,1,20.00,20.00,53,WhatsApp,8
445,"2024-02-24 11:37:48",2,NULL,26,2,16.00,32.00,52,"App Delivery",10
446,"2024-02-24 11:37:48",9,NULL,17,3,34.00,102.00,53,WhatsApp,1
447,"2024-02-24 11:37:48",16,NULL,36,2,18.00,36.00,49,WhatsApp,10
448,"2024-02-24 11:37:48",18,NULL,2,4,28.00,112.00,46,"App Delivery",6
449,"2024-02-24 11:37:48",5,NULL,26,2,16.00,32.00,54,"App Delivery",6
450,"2024-02-24 11:37:48",2,NULL,10,5,31.00,155.00,53,"Loja Física",1
451,"2024-02-24 11:37:48",12,NULL,28,1,8.00,8.00,54,WhatsApp,9
452,"2024-02-24 11:37:48",31,NULL,5,4,27.00,108.00,51,"Loja Física",1
453,"2024-02-24 11:37:48",12,NULL,13,3,30.00,90.00,50,WhatsApp,7
454,"2024-02-24 11:37:48",34,NULL,7,5,30.00,150.00,52,"Loja Física",7
455,"2024-02-24 11:37:48",24,NULL,13,3,30.00,90.00,46,WhatsApp,4
456,"2024-02-24 11:37:48",19,NULL,16,1,33.00,33.00,54,"Loja Física",9
457,"2024-02-24 11:37:48",16,NULL,37,5,20.00,100.00,54,"Loja Física",4
458,"2024-02-24 11:37:48",21,NULL,36,2,18.00,36.00,53,"Loja Física",2
459,"2024-02-24 11:37:48",2,NULL,33,4,12.00,48.00,52,"App Delivery",6
460,"2024-02-24 11:37:48",16,NULL,22,1,15.00,15.00,49,WhatsApp,2
461,"2024-02-24 11:37:48",34,NULL,31,4,25.00,100.00,53,"App Delivery",3
462,"2024-02-24 11:37:48",39,NULL,29,4,3.00,12.00,54,"App Delivery",7
463,"2024-02-24 11:37:48",21,NULL,21,4,28.00,112.00,50,"App Delivery",6
464,"2024-02-24 11:37:48",6,NULL,29,3,3.00,9.00,53,"Loja Física",9
465,"2024-02-24 11:37:48",2,NULL,13,2,30.00,60.00,50,"App Delivery",2
466,"2024-02-24 11:37:48",35,NULL,33,2,12.00,24.00,54,"App Delivery",10
467,"2024-02-24 11:37:48",35,NULL,30,3,15.00,45.00,51,"Loja Física",3
468,"2024-02-24 11:37:48",17,NULL,16,4,33.00,132.00,52,WhatsApp,7
469,"2024-02-24 11:37:48",1,NULL,35,1,15.00,15.00,50,"App Delivery",5
470,"2024-02-24 11:37:48",32,NULL,32,1,6.00,6.00,52,WhatsApp,3
471,"2024-02-24 11:37:48",4,NULL,12,5,34.00,170.00,46,"Loja Física",4
472,"2024-02-24 11:37:48",34,NULL,33,5,12.00,60.00,50,"Loja Física",2
473,"2024-02-24 11:37:48",33,NULL,10,4,31.00,124.00,53,"App Delivery",4
474,"2024-02-24 11:37:48",24,NULL,6,4,29.00,116.00,52,WhatsApp,8
475,"2024-02-24 11:37:48",15,NULL,39,2,10.00,20.00,47,WhatsApp,1
476,"2024-02-24 11:37:48",33,NULL,20,4,30.00,120.00,54,"Loja Física",1
477,"2024-02-24 11:37:48",18,NULL,9,4,28.00,112.00,46,"App Delivery",5
478,"2024-02-24 11:37:48",33,NULL,9,3,28.00,84.00,52,"App Delivery",10
479,"2024-02-24 11:37:48",28,NULL,29,5,3.00,15.00,48,"Loja Física",2
480,"2024-02-24 11:37:48",36,NULL,18,3,31.00,93.00,50,"App Delivery",9
481,"2024-02-24 11:37:48",29,NULL,33,3,12.00,36.00,53,"Loja Física",8
482,"2024-02-24 11:37:48",21,NULL,38,1,12.00,12.00,51,WhatsApp,9
483,"2024-02-24 11:37:48",6,NULL,7,5,30.00,150.00,52,WhatsApp,9
484,"2024-02-24 11:37:48",37,NULL,34,4,10.00,40.00,53,WhatsApp,4
485,"2024-02-24 11:37:48",19,NULL,10,4,31.00,124.00,49,WhatsApp,8
486,"2024-02-24 11:37:48",25,NULL,14,3,35.00,105.00,54,"Loja Física",9
487,"2024-02-24 11:37:48",3,NULL,31,4,25.00,100.00,53,WhatsApp,1
488,"2024-02-24 11:37:48",1,NULL,5,1,27.00,27.00,52,WhatsApp,8
489,"2024-02-24 11:37:48",1,NULL,34,1,10.00,10.00,46,"Loja Física",7
490,"2024-02-24 11:37:48",36,NULL,18,2,31.00,62.00,54,"App Delivery",3
491,"2024-02-24 11:37:48",25,NULL,25,1,20.00,20.00,48,"App Delivery",3
492,"2024-02-24 11:37:48",11,NULL,16,1,33.00,33.00,54,"Loja Física",10
493,"2024-02-24 11:37:48",7,NULL,3,1,30.00,30.00,48,WhatsApp,2
494,"2024-02-24 11:37:48",39,NULL,15,3,32.00,96.00,52,"Loja Física",8
495,"2024-02-24 11:37:48",28,NULL,7,4,30.00,120.00,52,"Loja Física",3
496,"2024-02-24 11:37:48",33,NULL,7,2,30.00,60.00,52,"Loja Física",2
497,"2024-02-24 11:37:48",14,NULL,23,5,12.00,60.00,49,"App Delivery",10
498,"2024-02-24 11:37:48",25,NULL,35,4,15.00,60.00,48,"Loja Física",6
499,"2024-02-24 11:37:48",22,NULL,33,3,12.00,36.00,47,WhatsApp,9
500,"2024-02-24 11:37:48",24,NULL,17,1,34.00,34.00,54,"Loja Física",7
501,"2024-02-24 11:37:48",12,NULL,18,5,31.00,155.00,48,WhatsApp,1
502,"2024-02-24 11:37:48",12,NULL,31,3,25.00,75.00,49,"Loja Física",3
503,"2024-02-24 11:37:48",4,NULL,33,4,12.00,48.00,50,WhatsApp,5
504,"2024-02-24 11:37:48",31,NULL,18,3,31.00,93.00,48,"Loja Física",7
505,"2024-02-24 11:37:48",29,NULL,13,1,30.00,30.00,53,"Loja Física",5
506,"2024-02-24 11:37:48",29,NULL,23,3,12.00,36.00,50,"Loja Física",10
507,"2024-02-24 11:37:48",12,NULL,3,1,30.00,30.00,46,"Loja Física",2
508,"2024-02-24 11:37:48",18,NULL,26,1,16.00,16.00,46,"App Delivery",1
509,"2024-02-24 11:37:48",17,NULL,7,3,30.00,90.00,54,"Loja Física",2
510,"2024-02-24 11:37:48",29,NULL,13,4,30.00,120.00,49,"Loja Física",7
511,"2024-02-24 11:37:48",27,NULL,20,4,30.00,120.00,52,WhatsApp,3
512,"2024-02-24 11:37:48",3,NULL,13,1,30.00,30.00,51,WhatsApp,5
513,"2024-02-24 11:37:48",36,NULL,27,2,5.00,10.00,53,"Loja Física",7
514,"2024-02-24 11:37:48",34,NULL,32,1,6.00,6.00,53,WhatsApp,8
515,"2024-02-24 11:37:48",31,NULL,1,3,25.00,75.00,49,"App Delivery",9
516,"2024-02-24 11:37:48",35,NULL,22,1,15.00,15.00,46,"App Delivery",4
517,"2024-02-24 11:37:48",2,NULL,14,2,35.00,70.00,46,WhatsApp,9
518,"2024-02-24 11:37:48",15,NULL,37,4,20.00,80.00,50,"App Delivery",10
519,"2024-02-24 11:37:48",11,NULL,33,1,12.00,12.00,49,"Loja Física",8
520,"2024-02-24 11:37:48",4,NULL,16,4,33.00,132.00,50,"Loja Física",7
521,"2024-02-24 11:37:48",18,NULL,5,4,27.00,108.00,51,"Loja Física",8
522,"2024-02-24 11:37:48",24,NULL,38,3,12.00,36.00,51,"Loja Física",1
523,"2024-02-24 11:37:48",1,NULL,32,2,6.00,12.00,54,WhatsApp,8
524,"2024-02-24 11:37:48",13,NULL,20,1,30.00,30.00,51,"App Delivery",10
525,"2024-02-24 11:37:48",19,NULL,21,1,28.00,28.00,53,WhatsApp,5
526,"2024-02-24 11:37:48",10,NULL,36,3,18.00,54.00,50,"Loja Física",7
527,"2024-02-24 11:37:48",7,NULL,34,4,10.00,40.00,54,"Loja Física",7
528,"2024-02-24 11:37:48",37,NULL,40,1,14.00,14.00,53,WhatsApp,5
529,"2024-02-24 11:37:48",19,NULL,1,4,25.00,100.00,46,WhatsApp,10
530,"2024-02-24 11:37:48",33,NULL,24,2,18.00,36.00,50,"Loja Física",9
531,"2024-02-24 11:37:48",16,NULL,13,4,30.00,120.00,48,"App Delivery",7
532,"2024-02-24 11:37:48",20,NULL,35,3,15.00,45.00,48,"Loja Física",5
533,"2024-02-24 11:37:48",18,NULL,34,4,10.00,40.00,51,WhatsApp,2
534,"2024-02-24 11:37:48",12,NULL,23,3,12.00,36.00,48,WhatsApp,2
535,"2024-02-24 11:37:48",19,NULL,40,1,14.00,14.00,47,"Loja Física",4
536,"2024-02-24 11:37:48",22,NULL,1,1,25.00,25.00,51,"Loja Física",10
537,"2024-02-24 11:37:48",28,NULL,39,1,10.00,10.00,50,"App Delivery",8
538,"2024-02-24 11:37:48",13,NULL,29,4,3.00,12.00,51,"App Delivery",2
539,"2024-02-24 11:37:48",5,NULL,22,1,15.00,15.00,54,"Loja Física",4
540,"2024-02-24 11:37:48",15,NULL,21,1,28.00,28.00,53,"Loja Física",10
541,"2024-02-24 11:37:48",5,NULL,8,1,33.00,33.00,46,"Loja Física",2
542,"2024-02-24 11:37:48",4,NULL,18,3,31.00,93.00,51,"Loja Física",3
543,"2024-02-24 11:37:48",36,NULL,3,4,30.00,120.00,46,"Loja Física",4
544,"2024-02-24 11:37:48",30,NULL,34,2,10.00,20.00,51,WhatsApp,5
545,"2024-02-24 11:37:48",15,NULL,2,3,28.00,84.00,52,"Loja Física",2
546,"2024-02-24 11:37:48",30,NULL,30,3,15.00,45.00,47,"App Delivery",4
547,"2024-02-24 11:37:48",27,NULL,2,5,28.00,140.00,48,"App Delivery",1
548,"2024-02-24 11:37:48",29,NULL,36,1,18.00,18.00,53,"Loja Física",10
549,"2024-02-24 11:37:48",23,NULL,32,5,6.00,30.00,47,"App Delivery",8
550,"2024-02-24 11:37:48",5,NULL,5,5,27.00,135.00,52,WhatsApp,3
551,"2024-02-24 11:37:48",36,NULL,35,1,15.00,15.00,46,WhatsApp,3
552,"2024-02-24 11:37:48",29,NULL,18,1,31.00,31.00,50,WhatsApp,2
553,"2024-02-24 11:37:48",19,NULL,5,2,27.00,54.00,50,"Loja Física",4
554,"2024-02-24 11:37:48",39,NULL,29,2,3.00,6.00,52,"App Delivery",1
555,"2024-02-24 11:37:48",18,NULL,16,4,33.00,132.00,51,WhatsApp,3
556,"2024-02-24 11:37:48",34,NULL,36,4,18.00,72.00,49,WhatsApp,5
557,"2024-02-24 11:37:48",34,NULL,36,1,18.00,18.00,53,WhatsApp,7
558,"2024-02-24 11:37:48",29,NULL,28,4,8.00,32.00,46,WhatsApp,9
559,"2024-02-24 11:37:48",32,NULL,2,3,28.00,84.00,50,"Loja Física",9
560,"2024-02-24 11:37:48",38,NULL,27,4,5.00,20.00,47,"App Delivery",7
561,"2024-02-24 11:37:48",29,NULL,11,3,29.00,87.00,46,WhatsApp,7
562,"2024-02-24 11:37:48",32,NULL,19,5,29.00,145.00,51,"App Delivery",8
563,"2024-02-24 11:37:48",24,NULL,39,1,10.00,10.00,48,"Loja Física",7
564,"2024-02-24 11:37:48",35,NULL,9,1,28.00,28.00,46,WhatsApp,8
565,"2024-02-24 11:37:48",26,NULL,26,3,16.00,48.00,47,WhatsApp,7
566,"2024-02-24 11:37:48",25,NULL,17,4,34.00,136.00,46,"Loja Física",10
567,"2024-02-24 11:37:48",28,NULL,27,3,5.00,15.00,51,"Loja Física",8
568,"2024-02-24 11:37:48",13,NULL,28,5,8.00,40.00,54,WhatsApp,3
569,"2024-02-24 11:37:48",8,NULL,34,5,10.00,50.00,47,WhatsApp,9
570,"2024-02-24 11:37:48",29,NULL,6,1,29.00,29.00,46,WhatsApp,5
571,"2024-02-24 11:37:48",39,NULL,11,1,29.00,29.00,46,"App Delivery",5
572,"2024-02-24 11:37:48",34,NULL,18,1,31.00,31.00,48,"App Delivery",2
573,"2024-02-24 11:37:48",39,NULL,32,5,6.00,30.00,46,WhatsApp,1
574,"2024-02-24 11:37:48",20,NULL,39,2,10.00,20.00,46,"Loja Física",1
575,"2024-02-24 11:37:48",4,NULL,23,4,12.00,48.00,50,"Loja Física",6
576,"2024-02-24 11:37:48",3,NULL,18,4,31.00,124.00,53,"App Delivery",6
577,"2024-02-24 11:37:48",14,NULL,7,1,30.00,30.00,53,"Loja Física",1
578,"2024-02-24 11:37:48",13,NULL,18,4,31.00,124.00,51,"App Delivery",9
579,"2024-02-24 11:37:48",38,NULL,24,1,18.00,18.00,52,"Loja Física",7
580,"2024-02-24 11:37:48",28,NULL,39,1,10.00,10.00,46,"App Delivery",4
581,"2024-02-24 11:37:48",19,NULL,20,4,30.00,120.00,49,WhatsApp,1
582,"2024-02-24 11:37:48",18,NULL,8,3,33.00,99.00,52,WhatsApp,8
583,"2024-02-24 11:37:48",36,NULL,15,4,32.00,128.00,51,"App Delivery",2
584,"2024-02-24 11:37:48",19,NULL,36,1,18.00,18.00,46,WhatsApp,9
585,"2024-02-24 11:37:48",3,NULL,36,2,18.00,36.00,54,WhatsApp,5
586,"2024-02-24 11:37:48",34,NULL,39,5,10.00,50.00,49,"Loja Física",1
587,"2024-02-24 11:37:48",30,NULL,3,4,30.00,120.00,50,WhatsApp,5
588,"2024-02-24 11:37:48",30,NULL,31,4,25.00,100.00,46,"App Delivery",6
589,"2024-02-24 11:37:48",7,NULL,11,1,29.00,29.00,53,WhatsApp,6
590,"2024-02-24 11:37:48",32,NULL,23,2,12.00,24.00,54,WhatsApp,5
591,"2024-02-24 11:37:48",21,NULL,19,4,29.00,116.00,46,"Loja Física",7
592,"2024-02-24 11:37:48",7,NULL,5,5,27.00,135.00,48,"App Delivery",6
593,"2024-02-24 11:37:48",9,NULL,17,3,34.00,102.00,50,WhatsApp,5
594,"2024-02-24 11:37:49",18,NULL,37,2,20.00,40.00,54,WhatsApp,5
595,"2024-02-24 11:37:49",11,NULL,12,2,34.00,68.00,50,"Loja Física",4
596,"2024-02-24 11:37:49",38,NULL,26,1,16.00,16.00,49,WhatsApp,8
597,"2024-02-24 11:37:49",35,NULL,17,5,34.00,170.00,51,"App Delivery",2
598,"2024-02-24 11:37:49",6,NULL,18,4,31.00,124.00,52,WhatsApp,6
599,"2024-02-24 11:37:49",23,NULL,20,1,30.00,30.00,47,"App Delivery",2
600,"2024-02-24 11:37:49",7,NULL,30,3,15.00,45.00,54,"Loja Física",7
601,"2024-02-24 11:37:49",20,NULL,17,3,34.00,102.00,54,WhatsApp,1
602,"2024-02-24 11:37:49",24,NULL,16,1,33.00,33.00,53,"App Delivery",9
603,"2024-02-24 11:37:49",5,NULL,25,1,20.00,20.00,47,WhatsApp,7
604,"2024-02-24 11:37:49",2,NULL,9,3,28.00,84.00,53,"Loja Física",5
605,"2024-02-24 11:37:49",11,NULL,3,4,30.00,120.00,49,"Loja Física",4
606,"2024-02-24 11:37:49",20,NULL,19,1,29.00,29.00,53,"App Delivery",8
607,"2024-02-24 11:37:49",20,NULL,27,2,5.00,10.00,50,"App Delivery",10
608,"2024-02-24 11:37:49",24,NULL,25,4,20.00,80.00,46,WhatsApp,5
609,"2024-02-24 11:37:49",13,NULL,36,4,18.00,72.00,46,WhatsApp,5
610,"2024-02-24 11:37:49",18,NULL,1,4,25.00,100.00,53,"App Delivery",5
611,"2024-02-24 11:37:49",37,NULL,34,2,10.00,20.00,52,"Loja Física",9
612,"2024-02-24 11:37:49",8,NULL,8,3,33.00,99.00,51,"App Delivery",4
613,"2024-02-24 11:37:49",27,NULL,21,5,28.00,140.00,49,WhatsApp,3
614,"2024-02-24 11:37:49",32,NULL,28,3,8.00,24.00,49,"App Delivery",6
615,"2024-02-24 11:37:49",20,NULL,7,4,30.00,120.00,49,WhatsApp,8
616,"2024-02-24 11:37:49",30,NULL,36,3,18.00,54.00,47,"Loja Física",10
617,"2024-02-24 11:37:49",17,NULL,11,4,29.00,116.00,53,"App Delivery",1
618,"2024-02-24 11:37:49",19,NULL,37,2,20.00,40.00,48,WhatsApp,9
619,"2024-02-24 11:37:49",29,NULL,29,1,3.00,3.00,53,WhatsApp,3
620,"2024-02-24 11:37:49",7,NULL,6,5,29.00,145.00,50,WhatsApp,6
621,"2024-02-24 11:37:49",16,NULL,13,2,30.00,60.00,54,"Loja Física",7
622,"2024-02-24 11:37:49",32,NULL,40,2,14.00,28.00,47,"Loja Física",6
623,"2024-02-24 11:37:49",23,NULL,29,2,3.00,6.00,48,WhatsApp,8
624,"2024-02-24 11:37:49",36,NULL,12,3,34.00,102.00,47,"App Delivery",8
625,"2024-02-24 11:37:49",34,NULL,11,4,29.00,116.00,48,"App Delivery",7
626,"2024-02-24 11:37:49",35,NULL,18,2,31.00,62.00,50,"Loja Física",4
627,"2024-02-24 11:37:49",13,NULL,4,4,32.00,128.00,46,"Loja Física",5
628,"2024-02-24 11:37:49",14,NULL,23,4,12.00,48.00,49,"App Delivery",9
629,"2024-02-24 11:37:49",24,NULL,11,1,29.00,29.00,50,WhatsApp,4
630,"2024-02-24 11:37:49",16,NULL,17,2,34.00,68.00,54,WhatsApp,2
631,"2024-02-24 11:37:49",37,NULL,21,3,28.00,84.00,51,"App Delivery",4
632,"2024-02-24 11:37:49",37,NULL,17,3,34.00,102.00,50,"Loja Física",4
633,"2024-02-24 11:37:49",37,NULL,16,3,33.00,99.00,50,"App Delivery",9
634,"2024-02-24 11:37:49",8,NULL,24,1,18.00,18.00,49,WhatsApp,2
635,"2024-02-24 11:37:49",32,NULL,20,5,30.00,150.00,47,"Loja Física",6
636,"2024-02-24 11:37:49",24,NULL,22,2,15.00,30.00,46,"Loja Física",7
637,"2024-02-24 11:37:49",25,NULL,15,2,32.00,64.00,50,WhatsApp,3
638,"2024-02-24 11:37:49",27,NULL,37,5,20.00,100.00,51,"Loja Física",5
639,"2024-02-24 11:37:49",30,NULL,32,3,6.00,18.00,54,"App Delivery",3
640,"2024-02-24 11:37:49",28,NULL,16,3,33.00,99.00,51,"App Delivery",8
641,"2024-02-24 11:37:49",37,NULL,36,3,18.00,54.00,48,WhatsApp,6
642,"2024-02-24 11:37:49",6,NULL,35,4,15.00,60.00,50,WhatsApp,3
643,"2024-02-24 11:37:49",37,NULL,30,5,15.00,75.00,46,"App Delivery",6
644,"2024-02-24 11:37:49",30,NULL,3,2,30.00,60.00,48,"App Delivery",10
645,"2024-02-24 11:37:49",15,NULL,2,3,28.00,84.00,51,"Loja Física",10
646,"2024-02-24 11:37:49",3,NULL,16,3,33.00,99.00,49,"App Delivery",1
647,"2024-02-24 11:37:49",34,NULL,19,4,29.00,116.00,53,"Loja Física",5
648,"2024-02-24 11:37:49",25,NULL,23,4,12.00,48.00,53,"Loja Física",3
649,"2024-02-24 11:37:49",20,NULL,29,5,3.00,15.00,52,WhatsApp,1
650,"2024-02-24 11:37:49",23,NULL,11,1,29.00,29.00,47,WhatsApp,5
651,"2024-02-24 11:37:49",22,NULL,25,5,20.00,100.00,48,WhatsApp,5
652,"2024-02-24 11:37:49",33,NULL,11,1,29.00,29.00,48,"Loja Física",4
653,"2024-02-24 11:37:49",31,NULL,40,5,14.00,70.00,52,"Loja Física",8
654,"2024-02-24 11:37:49",14,NULL,13,3,30.00,90.00,54,WhatsApp,7
655,"2024-02-24 11:37:49",24,NULL,22,1,15.00,15.00,52,WhatsApp,8
656,"2024-02-24 11:37:49",25,NULL,1,4,25.00,100.00,48,"Loja Física",4
657,"2024-02-24 11:37:49",39,NULL,29,5,3.00,15.00,50,"App Delivery",4
658,"2024-02-24 11:37:49",24,NULL,29,3,3.00,9.00,48,"Loja Física",8
659,"2024-02-24 11:37:49",27,NULL,15,1,32.00,32.00,53,"App Delivery",8
660,"2024-02-24 11:37:49",17,NULL,1,3,25.00,75.00,50,WhatsApp,3
661,"2024-02-24 11:37:49",15,NULL,16,5,33.00,165.00,48,WhatsApp,2
662,"2024-02-24 11:37:49",6,NULL,23,4,12.00,48.00,50,WhatsApp,10
663,"2024-02-24 11:37:49",7,NULL,6,3,29.00,87.00,46,"Loja Física",1
664,"2024-02-24 11:37:49",22,NULL,19,2,29.00,58.00,50,WhatsApp,3
665,"2024-02-24 11:37:49",1,NULL,14,1,35.00,35.00,51,"App Delivery",1
666,"2024-02-24 11:37:49",11,NULL,28,4,8.00,32.00,54,WhatsApp,1
667,"2024-02-24 11:37:49",9,NULL,38,4,12.00,48.00,50,WhatsApp,2
668,"2024-02-24 11:37:49",21,NULL,33,3,12.00,36.00,54,"App Delivery",2
669,"2024-02-24 11:37:49",25,NULL,40,1,14.00,14.00,47,"Loja Física",8
670,"2024-02-24 11:37:49",2,NULL,28,4,8.00,32.00,47,"App Delivery",4
671,"2024-02-24 11:37:49",21,NULL,22,2,15.00,30.00,52,WhatsApp,4
672,"2024-02-24 11:37:49",33,NULL,20,3,30.00,90.00,47,"Loja Física",9
673,"2024-02-24 11:37:49",32,NULL,34,2,10.00,20.00,50,"Loja Física",7
674,"2024-02-24 11:37:49",25,NULL,16,1,33.00,33.00,50,WhatsApp,6
675,"2024-02-24 11:37:49",13,NULL,4,3,32.00,96.00,53,"App Delivery",10
676,"2024-02-24 11:37:49",13,NULL,26,2,16.00,32.00,50,"Loja Física",2
677,"2024-02-24 11:37:49",38,NULL,39,2,10.00,20.00,46,"App Delivery",10
678,"2024-02-24 11:37:49",16,NULL,18,3,31.00,93.00,53,"Loja Física",10
679,"2024-02-24 11:37:49",5,NULL,40,2,14.00,28.00,50,WhatsApp,7
680,"2024-02-24 11:37:49",8,NULL,19,5,29.00,145.00,52,"App Delivery",9
681,"2024-02-24 11:37:49",10,NULL,39,1,10.00,10.00,46,"App Delivery",1
682,"2024-02-24 11:37:49",2,NULL,40,5,14.00,70.00,51,"Loja Física",4
683,"2024-02-24 11:37:49",11,NULL,22,3,15.00,45.00,54,"App Delivery",6
684,"2024-02-24 11:37:49",34,NULL,6,3,29.00,87.00,52,"App Delivery",2
685,"2024-02-24 11:37:49",9,NULL,22,1,15.00,15.00,47,"App Delivery",3
686,"2024-02-24 11:37:49",37,NULL,17,4,34.00,136.00,47,"App Delivery",8
687,"2024-02-24 11:37:49",39,NULL,6,4,29.00,116.00,51,WhatsApp,8
688,"2024-02-24 11:37:49",16,NULL,28,2,8.00,16.00,54,WhatsApp,9
689,"2024-02-24 11:37:49",18,NULL,22,4,15.00,60.00,53,WhatsApp,1
690,"2024-02-24 11:37:49",33,NULL,6,2,29.00,58.00,53,WhatsApp,6
691,"2024-02-24 11:37:49",33,NULL,29,5,3.00,15.00,50,WhatsApp,9
692,"2024-02-24 11:37:49",20,NULL,30,3,15.00,45.00,51,"Loja Física",9
693,"2024-02-24 11:37:49",2,NULL,31,5,25.00,125.00,46,"Loja Física",2
694,"2024-02-24 11:37:49",37,NULL,39,3,10.00,30.00,46,"Loja Física",3
695,"2024-02-24 11:37:49",5,NULL,26,5,16.00,80.00,52,"App Delivery",5
696,"2024-02-24 11:37:49",11,NULL,17,3,34.00,102.00,50,"Loja Física",5
697,"2024-02-24 11:37:49",9,NULL,23,4,12.00,48.00,51,"Loja Física",10
698,"2024-02-24 11:37:49",15,NULL,24,3,18.00,54.00,46,"App Delivery",6
699,"2024-02-24 11:37:49",6,NULL,6,1,29.00,29.00,51,"App Delivery",10
700,"2024-02-24 11:37:49",24,NULL,9,4,28.00,112.00,51,"Loja Física",10
701,"2024-02-24 11:37:49",23,NULL,38,3,12.00,36.00,52,WhatsApp,4
702,"2024-02-24 11:37:49",35,NULL,18,4,31.00,124.00,47,"App Delivery",1
703,"2024-02-24 11:37:49",25,NULL,37,5,20.00,100.00,52,WhatsApp,6
704,"2024-02-24 11:37:49",31,NULL,29,4,3.00,12.00,46,"App Delivery",10
705,"2024-02-24 11:37:49",21,NULL,16,1,33.00,33.00,52,"Loja Física",9
706,"2024-02-24 11:37:49",16,NULL,21,2,28.00,56.00,52,"App Delivery",3
707,"2024-02-24 11:37:49",29,NULL,9,4,28.00,112.00,49,WhatsApp,3
708,"2024-02-24 11:37:49",28,NULL,35,2,15.00,30.00,54,"App Delivery",10
709,"2024-02-24 11:37:49",14,NULL,27,3,5.00,15.00,50,"App Delivery",1
710,"2024-02-24 11:37:49",33,NULL,34,3,10.00,30.00,54,"App Delivery",8
711,"2024-02-24 11:37:49",10,NULL,1,2,25.00,50.00,46,"Loja Física",7
712,"2024-02-24 11:37:49",24,NULL,21,1,28.00,28.00,51,WhatsApp,9
713,"2024-02-24 11:37:49",4,NULL,19,4,29.00,116.00,47,"Loja Física",2
714,"2024-02-24 11:37:49",2,NULL,24,3,18.00,54.00,47,WhatsApp,7
715,"2024-02-24 11:37:49",10,NULL,10,5,31.00,155.00,53,WhatsApp,6
716,"2024-02-24 11:37:49",19,NULL,8,1,33.00,33.00,48,WhatsApp,2
717,"2024-02-24 11:37:49",36,NULL,30,2,15.00,30.00,52,"Loja Física",9
718,"2024-02-24 11:37:49",2,NULL,11,4,29.00,116.00,53,WhatsApp,2
719,"2024-02-24 11:37:49",37,NULL,8,3,33.00,99.00,50,WhatsApp,10
720,"2024-02-24 11:37:49",14,NULL,16,2,33.00,66.00,49,"App Delivery",5
721,"2024-02-24 11:37:49",19,NULL,29,4,3.00,12.00,46,"App Delivery",7
722,"2024-02-24 11:37:49",38,NULL,17,2,34.00,68.00,50,"Loja Física",3
723,"2024-02-24 11:37:49",25,NULL,27,4,5.00,20.00,47,WhatsApp,7
724,"2024-02-24 11:37:49",36,NULL,1,2,25.00,50.00,48,WhatsApp,10
725,"2024-02-24 11:37:49",35,NULL,14,2,35.00,70.00,49,"Loja Física",1
726,"2024-02-24 11:37:49",18,NULL,3,4,30.00,120.00,52,WhatsApp,6
727,"2024-02-24 11:37:49",10,NULL,4,2,32.00,64.00,49,"App Delivery",2
728,"2024-02-24 11:37:49",34,NULL,35,3,15.00,45.00,48,"Loja Física",2
729,"2024-02-24 11:37:49",29,NULL,29,3,3.00,9.00,49,"Loja Física",9
730,"2024-02-24 11:37:49",24,NULL,38,3,12.00,36.00,50,WhatsApp,9
731,"2024-02-24 11:37:49",28,NULL,21,1,28.00,28.00,53,WhatsApp,7
732,"2024-02-24 11:37:49",3,NULL,23,5,12.00,60.00,51,"App Delivery",3
733,"2024-02-24 11:37:49",38,NULL,38,1,12.00,12.00,50,"App Delivery",5
734,"2024-02-24 11:37:49",34,NULL,25,2,20.00,40.00,54,WhatsApp,7
735,"2024-02-24 11:37:49",30,NULL,32,5,6.00,30.00,49,"Loja Física",10
736,"2024-02-24 11:37:49",14,NULL,8,2,33.00,66.00,54,"App Delivery",6
737,"2024-02-24 11:37:49",4,NULL,23,3,12.00,36.00,49,WhatsApp,3
738,"2024-02-24 11:37:49",2,NULL,8,4,33.00,132.00,54,WhatsApp,4
739,"2024-02-24 11:37:49",24,NULL,2,4,28.00,112.00,52,WhatsApp,4
740,"2024-02-24 11:37:49",5,NULL,33,3,12.00,36.00,46,WhatsApp,6
741,"2024-02-24 11:37:49",25,NULL,22,3,15.00,45.00,46,"Loja Física",9
742,"2024-02-24 11:37:49",29,NULL,37,5,20.00,100.00,48,WhatsApp,9
743,"2024-02-24 11:37:49",35,NULL,33,2,12.00,24.00,48,"App Delivery",5
744,"2024-02-24 11:37:49",22,NULL,28,5,8.00,40.00,47,"App Delivery",5
745,"2024-02-24 11:37:49",20,NULL,15,1,32.00,32.00,54,WhatsApp,8
746,"2024-02-24 11:37:49",16,NULL,31,4,25.00,100.00,47,"Loja Física",6
747,"2024-02-24 11:37:49",7,NULL,18,5,31.00,155.00,54,"App Delivery",1
748,"2024-02-24 11:37:49",4,NULL,24,5,18.00,90.00,53,"Loja Física",8
749,"2024-02-24 11:37:49",28,NULL,10,5,31.00,155.00,53,WhatsApp,10
750,"2024-02-24 11:37:49",7,NULL,27,1,5.00,5.00,53,WhatsApp,5
751,"2024-02-24 11:37:49",2,NULL,15,5,32.00,160.00,48,WhatsApp,5
752,"2024-02-24 11:37:49",3,NULL,14,2,35.00,70.00,54,"Loja Física",8
753,"2024-02-24 11:37:49",19,NULL,2,4,28.00,112.00,47,"Loja Física",4
754,"2024-02-24 11:37:49",21,NULL,13,2,30.00,60.00,53,WhatsApp,6
755,"2024-02-24 11:37:49",27,NULL,37,5,20.00,100.00,47,"Loja Física",3
756,"2024-02-24 11:37:49",39,NULL,16,2,33.00,66.00,52,"App Delivery",7
757,"2024-02-24 11:37:49",38,NULL,13,2,30.00,60.00,46,WhatsApp,4
758,"2024-02-24 11:37:49",4,NULL,14,3,35.00,105.00,48,"Loja Física",5
759,"2024-02-24 11:37:49",17,NULL,36,1,18.00,18.00,51,WhatsApp,3
760,"2024-02-24 11:37:49",39,NULL,11,2,29.00,58.00,53,WhatsApp,8
761,"2024-02-24 11:37:49",25,NULL,5,2,27.00,54.00,51,WhatsApp,6
762,"2024-02-24 11:37:49",24,NULL,22,2,15.00,30.00,48,"App Delivery",4
763,"2024-02-24 11:37:49",14,NULL,2,3,28.00,84.00,46,"Loja Física",7
764,"2024-02-24 11:37:49",36,NULL,34,1,10.00,10.00,48,"App Delivery",5
765,"2024-02-24 11:37:49",8,NULL,36,2,18.00,36.00,49,WhatsApp,3
766,"2024-02-24 11:37:49",17,NULL,14,1,35.00,35.00,54,"Loja Física",9
767,"2024-02-24 11:37:49",20,NULL,14,2,35.00,70.00,48,WhatsApp,5
768,"2024-02-24 11:37:49",3,NULL,40,2,14.00,28.00,49,WhatsApp,7
769,"2024-02-24 11:37:49",17,NULL,30,1,15.00,15.00,47,"App Delivery",2
770,"2024-02-24 11:37:49",20,NULL,38,5,12.00,60.00,49,"Loja Física",2
771,"2024-02-24 11:37:49",5,NULL,40,5,14.00,70.00,51,"App Delivery",6
772,"2024-02-24 11:37:49",8,NULL,34,2,10.00,20.00,54,WhatsApp,9
773,"2024-02-24 11:37:49",12,NULL,28,1,8.00,8.00,54,"Loja Física",10
774,"2024-02-24 11:37:49",28,NULL,13,1,30.00,30.00,52,WhatsApp,1
775,"2024-02-24 11:37:49",34,NULL,10,2,31.00,62.00,51,WhatsApp,5
776,"2024-02-24 11:37:49",20,NULL,28,4,8.00,32.00,53,WhatsApp,2
777,"2024-02-24 11:37:49",4,NULL,37,1,20.00,20.00,53,"Loja Física",8
778,"2024-02-24 11:37:49",38,NULL,29,2,3.00,6.00,48,"App Delivery",4
779,"2024-02-24 11:37:49",11,NULL,38,3,12.00,36.00,51,"App Delivery",3
780,"2024-02-24 11:37:49",18,NULL,12,1,34.00,34.00,52,WhatsApp,10
781,"2024-02-24 11:37:49",24,NULL,31,5,25.00,125.00,46,WhatsApp,7
782,"2024-02-24 11:37:49",31,NULL,39,5,10.00,50.00,52,"Loja Física",4
783,"2024-02-24 11:37:49",29,NULL,8,5,33.00,165.00,52,"Loja Física",8
784,"2024-02-24 11:37:49",32,NULL,9,1,28.00,28.00,47,"App Delivery",10
785,"2024-02-24 11:37:49",11,NULL,33,3,12.00,36.00,51,"Loja Física",1
786,"2024-02-24 11:37:49",1,NULL,22,2,15.00,30.00,46,WhatsApp,10
787,"2024-02-24 11:37:49",20,NULL,19,3,29.00,87.00,52,"App Delivery",7
788,"2024-02-24 11:37:49",14,NULL,14,5,35.00,175.00,46,"App Delivery",7
789,"2024-02-24 11:37:49",23,NULL,24,5,18.00,90.00,50,"Loja Física",6
790,"2024-02-24 11:37:49",39,NULL,1,4,25.00,100.00,48,"Loja Física",3
791,"2024-02-24 11:37:49",1,NULL,38,5,12.00,60.00,53,WhatsApp,9
792,"2024-02-24 11:37:49",7,NULL,39,1,10.00,10.00,53,"Loja Física",9
793,"2024-02-24 11:37:49",9,NULL,19,5,29.00,145.00,48,WhatsApp,8
794,"2024-02-24 11:37:49",15,NULL,3,5,30.00,150.00,51,WhatsApp,5
795,"2024-02-24 11:37:49",6,NULL,15,4,32.00,128.00,48,"Loja Física",1
796,"2024-02-24 11:37:49",38,NULL,10,3,31.00,93.00,51,"App Delivery",3
797,"2024-02-24 11:37:49",7,NULL,16,3,33.00,99.00,51,"Loja Física",3
798,"2024-02-24 11:37:49",10,NULL,26,5,16.00,80.00,51,"Loja Física",8
799,"2024-02-24 11:37:49",19,NULL,21,3,28.00,84.00,53,"App Delivery",5
800,"2024-02-24 11:37:49",28,NULL,37,5,20.00,100.00,50,"App Delivery",7
801,"2024-02-24 11:37:49",28,NULL,10,4,31.00,124.00,49,"Loja Física",8
802,"2024-02-24 11:37:49",37,NULL,39,3,10.00,30.00,54,"Loja Física",7
803,"2024-02-24 11:37:49",29,NULL,18,5,31.00,155.00,48,"Loja Física",10
804,"2024-02-24 11:37:49",17,NULL,30,1,15.00,15.00,49,WhatsApp,3
805,"2024-02-24 11:37:49",37,NULL,27,3,5.00,15.00,53,WhatsApp,1
806,"2024-02-24 11:37:49",25,NULL,18,2,31.00,62.00,53,"App Delivery",3
807,"2024-02-24 11:37:49",35,NULL,4,3,32.00,96.00,49,"App Delivery",6
808,"2024-02-24 11:37:49",29,NULL,1,1,25.00,25.00,49,WhatsApp,2
809,"2024-02-24 11:37:49",30,NULL,28,2,8.00,16.00,49,"App Delivery",8
810,"2024-02-24 11:37:49",17,NULL,23,2,12.00,24.00,51,"App Delivery",4
811,"2024-02-24 11:37:49",2,NULL,31,4,25.00,100.00,48,"App Delivery",6
812,"2024-02-24 11:37:49",15,NULL,11,5,29.00,145.00,49,"Loja Física",9
813,"2024-02-24 11:37:49",33,NULL,40,3,14.00,42.00,54,WhatsApp,6
814,"2024-02-24 11:37:49",27,NULL,35,4,15.00,60.00,48,"Loja Física",7
815,"2024-02-24 11:37:49",24,NULL,6,5,29.00,145.00,52,"App Delivery",7
816,"2024-02-24 11:37:49",3,NULL,37,1,20.00,20.00,46,WhatsApp,3
817,"2024-02-24 11:37:49",20,NULL,21,3,28.00,84.00,51,"App Delivery",6
818,"2024-02-24 11:37:49",12,NULL,33,3,12.00,36.00,48,WhatsApp,8
819,"2024-02-24 11:37:49",1,NULL,4,2,32.00,64.00,51,WhatsApp,4
820,"2024-02-24 11:37:49",6,NULL,24,2,18.00,36.00,48,"App Delivery",4
821,"2024-02-24 11:37:49",13,NULL,4,5,32.00,160.00,46,"Loja Física",3
822,"2024-02-24 11:37:49",18,NULL,37,2,20.00,40.00,52,WhatsApp,8
823,"2024-02-24 11:37:49",21,NULL,34,2,10.00,20.00,47,"App Delivery",6
824,"2024-02-24 11:37:49",34,NULL,17,3,34.00,102.00,46,"Loja Física",7
825,"2024-02-24 11:37:49",33,NULL,27,3,5.00,15.00,52,WhatsApp,10
826,"2024-02-24 11:37:49",10,NULL,14,5,35.00,175.00,51,WhatsApp,9
827,"2024-02-24 11:37:49",26,NULL,32,5,6.00,30.00,53,"Loja Física",8
828,"2024-02-24 11:37:49",35,NULL,11,4,29.00,116.00,50,WhatsApp,3
829,"2024-02-24 11:37:49",28,NULL,12,4,34.00,136.00,53,WhatsApp,10
830,"2024-02-24 11:37:49",31,NULL,18,1,31.00,31.00,47,WhatsApp,6
831,"2024-02-24 11:37:49",10,NULL,6,3,29.00,87.00,50,"Loja Física",1
832,"2024-02-24 11:37:49",21,NULL,13,3,30.00,90.00,49,"Loja Física",10
833,"2024-02-24 11:37:49",34,NULL,16,4,33.00,132.00,50,"App Delivery",9
834,"2024-02-24 11:37:49",37,NULL,20,2,30.00,60.00,51,WhatsApp,6
835,"2024-02-24 11:37:49",5,NULL,4,3,32.00,96.00,54,WhatsApp,7
836,"2024-02-24 11:37:49",1,NULL,23,5,12.00,60.00,46,WhatsApp,2
837,"2024-02-24 11:37:49",26,NULL,13,4,30.00,120.00,49,WhatsApp,7
838,"2024-02-24 11:37:49",8,NULL,24,4,18.00,72.00,52,WhatsApp,1
839,"2024-02-24 11:37:49",20,NULL,16,4,33.00,132.00,48,"App Delivery",2
840,"2024-02-24 11:37:49",26,NULL,20,4,30.00,120.00,49,"App Delivery",6
841,"2024-02-24 11:37:49",36,NULL,35,1,15.00,15.00,51,"Loja Física",6
842,"2024-02-24 11:37:49",28,NULL,21,1,28.00,28.00,47,"Loja Física",3
843,"2024-02-24 11:37:49",2,NULL,14,3,35.00,105.00,48,WhatsApp,9
844,"2024-02-24 11:37:49",12,NULL,22,1,15.00,15.00,53,"App Delivery",9
845,"2024-02-24 11:37:49",24,NULL,22,5,15.00,75.00,53,"App Delivery",3
846,"2024-02-24 11:37:49",35,NULL,1,2,25.00,50.00,54,"Loja Física",3
847,"2024-02-24 11:37:49",14,NULL,17,1,34.00,34.00,52,"App Delivery",1
848,"2024-02-24 11:37:49",38,NULL,3,2,30.00,60.00,46,"Loja Física",7
849,"2024-02-24 11:37:49",33,NULL,26,1,16.00,16.00,50,"Loja Física",8
850,"2024-02-24 11:37:49",32,NULL,32,1,6.00,6.00,50,WhatsApp,8
851,"2024-02-24 11:37:49",14,NULL,5,1,27.00,27.00,49,WhatsApp,9
852,"2024-02-24 11:37:49",21,NULL,26,4,16.00,64.00,54,"App Delivery",7
853,"2024-02-24 11:37:50",23,NULL,10,2,31.00,62.00,49,WhatsApp,8
854,"2024-02-24 11:37:50",33,NULL,32,1,6.00,6.00,49,WhatsApp,2
855,"2024-02-24 11:37:50",32,NULL,19,1,29.00,29.00,50,"App Delivery",6
856,"2024-02-24 11:37:50",21,NULL,36,4,18.00,72.00,53,"App Delivery",3
857,"2024-02-24 11:37:50",15,NULL,26,1,16.00,16.00,46,"Loja Física",2
858,"2024-02-24 11:37:50",15,NULL,11,3,29.00,87.00,46,WhatsApp,9
859,"2024-02-24 11:37:50",10,NULL,34,1,10.00,10.00,49,"Loja Física",5
860,"2024-02-24 11:37:50",38,NULL,26,4,16.00,64.00,48,"App Delivery",5
861,"2024-02-24 11:37:50",1,NULL,9,3,28.00,84.00,51,WhatsApp,4
862,"2024-02-24 11:37:50",4,NULL,20,3,30.00,90.00,52,"App Delivery",6
863,"2024-02-24 11:37:50",10,NULL,2,3,28.00,84.00,52,"Loja Física",3
864,"2024-02-24 11:37:50",17,NULL,9,3,28.00,84.00,53,WhatsApp,6
865,"2024-02-24 11:37:50",22,NULL,13,3,30.00,90.00,48,"Loja Física",3
866,"2024-02-24 11:37:50",21,NULL,5,2,27.00,54.00,52,WhatsApp,8
867,"2024-02-24 11:37:50",31,NULL,18,4,31.00,124.00,47,"Loja Física",6
868,"2024-02-24 11:37:50",25,NULL,14,1,35.00,35.00,52,"App Delivery",10
869,"2024-02-24 11:37:50",2,NULL,39,5,10.00,50.00,50,"Loja Física",9
870,"2024-02-24 11:37:50",15,NULL,16,4,33.00,132.00,53,"Loja Física",5
871,"2024-02-24 11:37:50",24,NULL,13,3,30.00,90.00,54,"Loja Física",9
872,"2024-02-24 11:37:50",22,NULL,30,3,15.00,45.00,54,"Loja Física",4
873,"2024-02-24 11:37:50",9,NULL,34,2,10.00,20.00,48,WhatsApp,7
874,"2024-02-24 11:37:50",1,NULL,19,2,29.00,58.00,50,WhatsApp,1
875,"2024-02-24 11:37:50",1,NULL,27,4,5.00,20.00,48,WhatsApp,6
876,"2024-02-24 11:37:50",3,NULL,10,2,31.00,62.00,53,"App Delivery",4
877,"2024-02-24 11:37:50",4,NULL,37,4,20.00,80.00,46,"App Delivery",3
878,"2024-02-24 11:37:50",17,NULL,4,1,32.00,32.00,52,"Loja Física",1
879,"2024-02-24 11:37:50",27,NULL,14,4,35.00,140.00,47,"App Delivery",5
880,"2024-02-24 11:37:50",31,NULL,26,3,16.00,48.00,51,WhatsApp,2
881,"2024-02-24 11:37:50",17,NULL,31,5,25.00,125.00,50,WhatsApp,10
882,"2024-02-24 11:37:50",22,NULL,6,5,29.00,145.00,47,"Loja Física",7
883,"2024-02-24 11:37:50",32,NULL,22,3,15.00,45.00,51,"App Delivery",10
884,"2024-02-24 11:37:50",33,NULL,1,5,25.00,125.00,48,"Loja Física",6
885,"2024-02-24 11:37:50",23,NULL,20,5,30.00,150.00,50,WhatsApp,5
886,"2024-02-24 11:37:50",39,NULL,29,5,3.00,15.00,46,WhatsApp,10
887,"2024-02-24 11:37:50",27,NULL,24,4,18.00,72.00,47,WhatsApp,6
888,"2024-02-24 11:37:50",14,NULL,16,2,33.00,66.00,46,"Loja Física",2
889,"2024-02-24 11:37:50",38,NULL,23,5,12.00,60.00,54,"App Delivery",8
890,"2024-02-24 11:37:50",37,NULL,32,1,6.00,6.00,46,"App Delivery",6
891,"2024-02-24 11:37:50",37,NULL,4,3,32.00,96.00,54,"Loja Física",6
892,"2024-02-24 11:37:50",1,NULL,16,3,33.00,99.00,53,WhatsApp,10
893,"2024-02-24 11:37:50",29,NULL,18,4,31.00,124.00,53,"App Delivery",1
894,"2024-02-24 11:37:50",38,NULL,19,5,29.00,145.00,46,"Loja Física",8
895,"2024-02-24 11:37:50",35,NULL,39,2,10.00,20.00,49,"App Delivery",6
896,"2024-02-24 11:37:50",18,NULL,11,1,29.00,29.00,52,WhatsApp,4
897,"2024-02-24 11:37:50",37,NULL,39,5,10.00,50.00,52,"Loja Física",8
898,"2024-02-24 11:37:50",35,NULL,19,1,29.00,29.00,53,"Loja Física",8
899,"2024-02-24 11:37:50",23,NULL,33,2,12.00,24.00,52,"App Delivery",10
900,"2024-02-24 11:37:50",27,NULL,38,4,12.00,48.00,54,"Loja Física",10
901,"2024-02-24 11:37:50",19,NULL,9,2,28.00,56.00,47,"App Delivery",5
902,"2024-02-24 11:37:50",5,NULL,23,2,12.00,24.00,54,"Loja Física",1
903,"2024-02-24 11:37:50",15,NULL,22,3,15.00,45.00,53,"App Delivery",4
904,"2024-02-24 11:37:50",10,NULL,25,1,20.00,20.00,50,WhatsApp,9
905,"2024-02-24 11:37:50",14,NULL,6,3,29.00,87.00,47,WhatsApp,6
906,"2024-02-24 11:37:50",5,NULL,2,2,28.00,56.00,51,"App Delivery",1
907,"2024-02-24 11:37:50",38,NULL,30,5,15.00,75.00,47,"App Delivery",5
908,"2024-02-24 11:37:50",11,NULL,16,3,33.00,99.00,54,"Loja Física",10
909,"2024-02-24 11:37:50",2,NULL,30,2,15.00,30.00,50,"Loja Física",9
910,"2024-02-24 11:37:50",6,NULL,28,4,8.00,32.00,51,WhatsApp,10
911,"2024-02-24 11:37:50",39,NULL,15,3,32.00,96.00,49,"Loja Física",9
912,"2024-02-24 11:37:50",24,NULL,9,5,28.00,140.00,50,WhatsApp,5
913,"2024-02-24 11:37:50",32,NULL,20,3,30.00,90.00,46,"App Delivery",2
914,"2024-02-24 11:37:50",21,NULL,20,1,30.00,30.00,46,"App Delivery",4
915,"2024-02-24 11:37:50",31,NULL,11,1,29.00,29.00,50,"App Delivery",7
916,"2024-02-24 11:37:50",28,NULL,36,1,18.00,18.00,53,"Loja Física",3
917,"2024-02-24 11:37:50",4,NULL,39,4,10.00,40.00,49,WhatsApp,10
918,"2024-02-24 11:37:50",34,NULL,16,3,33.00,99.00,47,"Loja Física",10
919,"2024-02-24 11:37:50",15,NULL,33,3,12.00,36.00,47,"Loja Física",7
920,"2024-02-24 11:37:50",22,NULL,33,3,12.00,36.00,53,"Loja Física",1
921,"2024-02-24 11:37:50",34,NULL,9,4,28.00,112.00,54,WhatsApp,2
922,"2024-02-24 11:37:50",26,NULL,14,4,35.00,140.00,49,WhatsApp,6
923,"2024-02-24 11:37:50",6,NULL,25,5,20.00,100.00,53,"App Delivery",4
924,"2024-02-24 11:37:50",21,NULL,24,2,18.00,36.00,48,"Loja Física",3
925,"2024-02-24 11:37:50",6,NULL,27,2,5.00,10.00,47,"Loja Física",3
926,"2024-02-24 11:37:50",6,NULL,27,2,5.00,10.00,51,"Loja Física",3
927,"2024-02-24 11:37:50",4,NULL,40,4,14.00,56.00,47,"Loja Física",7
928,"2024-02-24 11:37:50",20,NULL,20,2,30.00,60.00,54,"App Delivery",3
929,"2024-02-24 11:37:50",21,NULL,26,3,16.00,48.00,54,"App Delivery",3
930,"2024-02-24 11:37:50",9,NULL,27,3,5.00,15.00,51,"App Delivery",5
931,"2024-02-24 11:37:50",16,NULL,13,5,30.00,150.00,50,"App Delivery",2
932,"2024-02-24 11:37:50",22,NULL,28,2,8.00,16.00,52,"App Delivery",4
933,"2024-02-24 11:37:50",38,NULL,22,2,15.00,30.00,46,"Loja Física",8
934,"2024-02-24 11:37:50",27,NULL,4,1,32.00,32.00,53,"Loja Física",2
935,"2024-02-24 11:37:50",25,NULL,20,2,30.00,60.00,53,WhatsApp,7
936,"2024-02-24 11:37:50",10,NULL,38,5,12.00,60.00,46,"Loja Física",6
937,"2024-02-24 11:37:50",17,NULL,40,1,14.00,14.00,46,"Loja Física",4
938,"2024-02-24 11:37:50",15,NULL,26,2,16.00,32.00,49,WhatsApp,2
939,"2024-02-24 11:37:50",13,NULL,11,2,29.00,58.00,52,"App Delivery",3
940,"2024-02-24 11:37:50",18,NULL,33,5,12.00,60.00,51,"App Delivery",8
941,"2024-02-24 11:37:50",3,NULL,22,2,15.00,30.00,52,WhatsApp,7
942,"2024-02-24 11:37:50",10,NULL,34,2,10.00,20.00,53,WhatsApp,3
943,"2024-02-24 11:37:50",13,NULL,20,1,30.00,30.00,46,WhatsApp,7
944,"2024-02-24 11:37:50",33,NULL,31,4,25.00,100.00,54,"App Delivery",6
945,"2024-02-24 11:37:50",22,NULL,6,5,29.00,145.00,49,"App Delivery",10
946,"2024-02-24 11:37:50",17,NULL,6,2,29.00,58.00,48,"App Delivery",3
947,"2024-02-24 11:37:50",6,NULL,2,2,28.00,56.00,48,"App Delivery",4
948,"2024-02-24 11:37:50",30,NULL,39,5,10.00,50.00,46,"Loja Física",5
949,"2024-02-24 11:37:50",20,NULL,16,3,33.00,99.00,48,"App Delivery",7
950,"2024-02-24 11:37:50",21,NULL,9,1,28.00,28.00,53,"App Delivery",5
951,"2024-02-24 11:37:50",6,NULL,30,5,15.00,75.00,46,WhatsApp,4
952,"2024-02-24 11:37:50",16,NULL,21,1,28.00,28.00,49,"App Delivery",5
953,"2024-02-24 11:37:50",39,NULL,2,4,28.00,112.00,47,"App Delivery",6
954,"2024-02-24 11:37:50",34,NULL,39,1,10.00,10.00,54,WhatsApp,9
955,"2024-02-24 11:37:50",34,NULL,25,1,20.00,20.00,48,"App Delivery",7
956,"2024-02-24 11:37:50",2,NULL,27,5,5.00,25.00,54,"Loja Física",2
957,"2024-02-24 11:37:50",22,NULL,13,5,30.00,150.00,52,"App Delivery",7
958,"2024-02-24 11:37:50",7,NULL,6,1,29.00,29.00,49,WhatsApp,5
959,"2024-02-24 11:37:50",17,NULL,34,3,10.00,30.00,52,"App Delivery",6
960,"2024-02-24 11:37:50",8,NULL,2,2,28.00,56.00,53,"App Delivery",6
961,"2024-02-24 11:37:50",22,NULL,24,1,18.00,18.00,51,"App Delivery",6
962,"2024-02-24 11:37:50",23,NULL,18,5,31.00,155.00,47,"App Delivery",8
963,"2024-02-24 11:37:50",21,NULL,21,4,28.00,112.00,47,"Loja Física",8
964,"2024-02-24 11:37:50",27,NULL,20,1,30.00,30.00,50,"Loja Física",10
965,"2024-02-24 11:37:50",1,NULL,32,4,6.00,24.00,50,WhatsApp,4
966,"2024-02-24 11:37:50",21,NULL,38,5,12.00,60.00,50,"App Delivery",4
967,"2024-02-24 11:37:50",2,NULL,33,2,12.00,24.00,47,"Loja Física",9
968,"2024-02-24 11:37:50",20,NULL,24,2,18.00,36.00,50,"App Delivery",5
969,"2024-02-24 11:37:50",13,NULL,20,1,30.00,30.00,49,WhatsApp,7
970,"2024-02-24 11:37:50",20,NULL,2,1,28.00,28.00,52,WhatsApp,9
971,"2024-02-24 11:37:50",32,NULL,12,5,34.00,170.00,48,WhatsApp,1
972,"2024-02-24 11:37:50",15,NULL,4,1,32.00,32.00,48,"Loja Física",3
973,"2024-02-24 11:37:50",28,NULL,34,5,10.00,50.00,50,"Loja Física",10
974,"2024-02-24 11:37:50",6,NULL,22,5,15.00,75.00,54,"Loja Física",10
975,"2024-02-24 11:37:50",33,NULL,2,3,28.00,84.00,53,"App Delivery",9
976,"2024-02-24 11:37:50",36,NULL,21,2,28.00,56.00,47,"Loja Física",9
977,"2024-02-24 11:37:50",6,NULL,9,1,28.00,28.00,54,"App Delivery",2
978,"2024-02-24 11:37:50",13,NULL,14,4,35.00,140.00,47,"App Delivery",9
979,"2024-02-24 11:37:50",5,NULL,14,5,35.00,175.00,51,"App Delivery",1
980,"2024-02-24 11:37:50",12,NULL,19,2,29.00,58.00,47,"App Delivery",7
981,"2024-02-24 11:37:50",13,NULL,4,5,32.00,160.00,47,"Loja Física",2
982,"2024-02-24 11:37:50",23,NULL,5,1,27.00,27.00,46,"App Delivery",7
983,"2024-02-24 11:37:50",37,NULL,23,5,12.00,60.00,48,WhatsApp,5
984,"2024-02-24 11:37:50",28,NULL,34,3,10.00,30.00,48,"App Delivery",5
985,"2024-02-24 11:37:50",25,NULL,7,2,30.00,60.00,52,"Loja Física",8
986,"2024-02-24 11:37:50",36,NULL,35,3,15.00,45.00,48,"App Delivery",6
987,"2024-02-24 11:37:50",21,NULL,29,4,3.00,12.00,51,"App Delivery",9
988,"2024-02-24 11:37:50",39,NULL,22,1,15.00,15.00,48,"App Delivery",8
989,"2024-02-24 11:37:50",8,NULL,40,3,14.00,42.00,53,"Loja Física",2
990,"2024-02-24 11:37:50",5,NULL,31,2,25.00,50.00,47,"Loja Física",9
991,"2024-02-24 11:37:50",38,NULL,1,4,25.00,100.00,51,"Loja Física",10
992,"2024-02-24 11:37:50",24,NULL,32,2,6.00,12.00,48,"App Delivery",6
993,"2024-02-24 11:37:50",26,NULL,25,1,20.00,20.00,49,WhatsApp,10
994,"2024-02-24 11:37:50",9,NULL,1,1,25.00,25.00,52,WhatsApp,6
995,"2024-02-24 11:37:50",10,NULL,27,3,5.00,15.00,48,"Loja Física",4
996,"2024-02-24 11:37:50",4,NULL,37,1,20.00,20.00,54,WhatsApp,8
997,"2024-02-24 11:37:50",18,NULL,36,3,18.00,54.00,47,"App Delivery",6
998,"2024-02-24 11:37:50",34,NULL,28,3,8.00,24.00,54,WhatsApp,10
999,"2024-02-24 11:37:50",27,NULL,7,5,30.00,150.00,48,WhatsApp,3
1000,"2024-02-24 11:37:50",34,NULL,8,1,33.00,33.00,46,"Loja Física",10
